Domain Name,Domain Type,Agency,City,State
ACUS.GOV,Federal Agency,Administrative Conference of the United States,WASHINGTON,DC
ACHP.GOV,Federal Agency,Advisory Council on Historic Preservation,Washington,DC
PRESERVEAMERICA.GOV,Federal Agency,Advisory Council on Historic Preservation,Washington,DC
ADF.GOV,Federal Agency,African Development Foundation,Washington,DC
USADF.GOV,Federal Agency,African Development Foundation,Washington,DC
ABMC.GOV,Federal Agency,American Battle Monuments Commission,Arlington,VA
AMTRAKOIG.GOV,Federal Agency,AMTRAK,Washington,DC
ARC.GOV,Federal Agency,Appalachian Regional Commission,Washington,DC
ASC.GOV,Federal Agency,Appraisal Subcommittee,Washington,DC
AFRH.GOV,Federal Agency,Armed Forces Retirement Home,Washington,DC
CIA.GOV,Federal Agency,Central Intelligence Agency,Washington,DC
IC.GOV,Federal Agency,Central Intelligence Agency,Washington,DC
ISTAC.GOV,Federal Agency,Central Intelligence Agency,Washington,DC
NCTC.GOV,Federal Agency,Central Intelligence Agency,Washington,DC
ODCI.GOV,Federal Agency,Central Intelligence Agency,Washington,DC
OPENSOURCE.GOV,Federal Agency,Central Intelligence Agency,Washington,DC
OSDE.GOV,Federal Agency,Central Intelligence Agency,Reston,VA
TTIC.GOV,Federal Agency,Central Intelligence Agency,Washington,DC
UCIA.GOV,Federal Agency,Central Intelligence Agency,Washington,DC
CHRISTOPHERCOLUMBUSFOUNDATION.GOV,Federal Agency,Christopher Columbus Fellowship Foundation,Washington,DC
CAP.GOV,Federal Agency,Civil Air Patrol,BIRMINGHAM,MI
CAPNHQ.GOV,Federal Agency,Civil Air Patrol,MAXWELL AFB,AL
ABILITYONE.FED.US,Federal Agency,Comm for People Who Are Blind/Severly Disabled,Arlington,VA
ABILITYONE.GOV,Federal Agency,Comm for People Who Are Blind/Severly Disabled,Arlington,VA
JWOD.GOV,Federal Agency,Comm for People Who Are Blind/Severly Disabled,Arlington,VA
CFTC.GOV,Federal Agency,Commodity Futures Trading Commission,Washington,DC
SMARTCHECK.GOV,Federal Agency,Commodity Futures Trading Commission,Washington,DC
COMPLIANCE.GOV,Federal Agency,Congressional Office of Compliance,Washington,DC
BCFP.GOV,Federal Agency,Consumer Financial Protection Bureau,Washington,DC
CFPA.GOV,Federal Agency,Consumer Financial Protection Bureau,Washington,DC
CFPB.GOV,Federal Agency,Consumer Financial Protection Bureau,Washington,DC
CONSUMERBUREAU.GOV,Federal Agency,Consumer Financial Protection Bureau,Washington,DC
CONSUMERFINANCE.GOV,Federal Agency,Consumer Financial Protection Bureau,Washington,DC
CONSUMERFINANCIAL.GOV,Federal Agency,Consumer Financial Protection Bureau,Washington,DC
CONSUMERFINANCIALBUREAU.GOV,Federal Agency,Consumer Financial Protection Bureau,Washington,DC
CONSUMERFINANCIALPROTECTIONBUREAU.GOV,Federal Agency,Consumer Financial Protection Bureau,Washington,DC
CONSUMERPROTECTION.GOV,Federal Agency,Consumer Financial Protection Bureau,Washington,DC
CONSUMERPROTECTIONBUREAU.GOV,Federal Agency,Consumer Financial Protection Bureau,Washington,DC
ANCHORIT.GOV,Federal Agency,Consumer Product Safety Commission,Bethesda,MD
ATVSAFETY.GOV,Federal Agency,Consumer Product Safety Commission,Bethesda,MD
CPSC.GOV,Federal Agency,Consumer Product Safety Commission,Bethesda,MD
DRYWALLRESPONSE.GOV,Federal Agency,Consumer Product Safety Commission,Bethesda,MD
POOLSAFELY.GOV,Federal Agency,Consumer Product Safety Commission,Bethesda,MD
POOLSAFETY.GOV,Federal Agency,Consumer Product Safety Commission,Bethesda,MD
RECALLS.GOV,Federal Agency,Consumer Product Safety Commission,Bethesda,MD
SAFERPRODUCT.GOV,Federal Agency,Consumer Product Safety Commission,Bethesda,MD
SAFERPRODUCTS.GOV,Federal Agency,Consumer Product Safety Commission,Bethesda,MD
SEGURIDADCONSUMIDOR.GOV,Federal Agency,Consumer Product Safety Commission,Bethesda,MD
AMERICORE.GOV,Federal Agency,Corporation for National & Community Service,Washington,DC
AMERICORP.GOV,Federal Agency,Corporation for National & Community Service,Washington,DC
AMERICORPS.GOV,Federal Agency,Corporation for National & Community Service,Washington,DC
AMERICORPSCONNECT.GOV,Federal Agency,Corporation for National & Community Service,Washington,DC
AMERICORPSWEEK.GOV,Federal Agency,Corporation for National & Community Service,Washington,DC
CNCS.GOV,Federal Agency,Corporation for National & Community Service,Washington,DC
CNCSOIG.GOV,Federal Agency,Corporation for National & Community Service,Washington,DC
CNS.GOV,Federal Agency,Corporation for National & Community Service,Washington,DC
FEDERALMENTORINGCOUNCIL.GOV,Federal Agency,Corporation for National & Community Service,Washington,DC
GETINVOLVED.GOV,Federal Agency,Corporation for National & Community Service,Washington ,DC
LEARNANDSERVE.GOV,Federal Agency,Corporation for National & Community Service,Washington,DC
MLKDAY.GOV,Federal Agency,Corporation for National & Community Service,Washington,DC
NATIONALSERVICE.GOV,Federal Agency,Corporation for National & Community Service,Washington,DC
NATIONALSERVICEGEAR.GOV,Federal Agency,Corporation for National & Community Service,Washington,DC
NATIONALSERVICERESOURCES.GOV,Federal Agency,Corporation for National & Community Service,Washington,DC
PRESIDENTIALSERVICEAWARDS.GOV,Federal Agency,Corporation for National & Community Service,Washington,DC
SENIORCORPS.GOV,Federal Agency,Corporation for National & Community Service,Washington,DC
SERVE.GOV,Federal Agency,Corporation for National & Community Service,Washington,DC
SERVICE.GOV,Federal Agency,Corporation for National & Community Service,Washington,DC
SERVICELEARNING.GOV,Federal Agency,Corporation for National & Community Service,Washington ,DC
SERVIR.GOV,Federal Agency,Corporation for National & Community Service,Washington,DC
VISTA.GOV,Federal Agency,Corporation for National & Community Service,Washington,DC
VISTACAMPUS.GOV,Federal Agency,Corporation for National & Community Service,Washington,DC
VOLUNTEERINGINAMERICA.GOV,Federal Agency,Corporation for National & Community Service,Washington,DC
CIGIE.GOV,Federal Agency,Council of Inspector General on Integrity and Efficiency,WASHINGTON,DC
IGNET.GOV,Federal Agency,Council of Inspector General on Integrity and Efficiency,Washington,DC
CSOSA.FED.US,Federal Agency,Court Services and Offender Supervision,Washington,DC
CSOSA.GOV,Federal Agency,Court Services and Offender Supervision,Washington,DC
PRETRIALSERVICES.GOV,Federal Agency,Court Services and Offender Supervision,Washington,DC
PSA.GOV,Federal Agency,Court Services and Offender Supervision,Washington,DC
DNFSB.GOV,Federal Agency,Defense Nuclear Facilities Safety Board,Washington,DC
DRA.GOV,Federal Agency,Delta Regional Authority,Clarksdale,MS
DENALI.GOV,Federal Agency,Denali Commission,Anchorage,AK
FEA.GOV,Federal Agency,Denali Commission,Anchorage,AK
AFF.GOV,Federal Agency,Department of Agriculture,Boise,ID
AG.GOV,Federal Agency,Department of Agriculture,Fort Collins,CO
ARS-GRIN.GOV,Federal Agency,Department of Agriculture,Beltsville,MD
ARSUSDA.GOV,Federal Agency,Department of Agriculture,Beltsville,MD
ASKKAREN.GOV,Federal Agency,Department of Agriculture,Washington,DC
BEFOODSAFE.GOV,Federal Agency,Department of Agriculture,Washington,DC
BIOPREFERRED.GOV,Federal Agency,Department of Agriculture,Washington,DC
CHOOSEMYPLATE.GOV,Federal Agency,Department of Agriculture,Alexandria,VA
COASTALAMERICA.GOV,Federal Agency,Department of Agriculture,Washington,DC
DIETARYGUIDELINES.GOV,Federal Agency,Department of Agriculture,Alexandria,VA
EMPOWHR.GOV,Federal Agency,Department of Agriculture,New Orleans,LA
EXECSEC.GOV,Federal Agency,Department of Agriculture,Washington,DC
FARMERCLAIMS.GOV,Federal Agency,Department of Agriculture,St. Louis,MO
FEMALEFARMERCLAIMS.GOV,Federal Agency,Department of Agriculture,St. Louis,MO
FIREINSTITUTE.GOV,Federal Agency,Department of Agriculture,Tucson,AZ
FOODSAFETYJOBS.GOV,Federal Agency,Department of Agriculture,Washington,DC
FOODSAFETYWORKINGGROUP.GOV,Federal Agency,Department of Agriculture,Washington,DC
FORESTSANDRANGELANDS.GOV,Federal Agency,Department of Agriculture,Washington,DC
FS.FED.US,Federal Agency,Department of Agriculture,Washington,DC
GREEN.GOV,Federal Agency,Department of Agriculture,Washington,DC
HISPANICFARMERCLAIMS.GOV,Federal Agency,Department of Agriculture,St. Louis,MO
ICBEMP.GOV,Federal Agency,Department of Agriculture,Portland,OR
IIOG.GOV,Federal Agency,Department of Agriculture,Meridian,ID
INVASIVESPECIESINFO.GOV,Federal Agency,Department of Agriculture,Beltsville,MD
IPM.GOV,Federal Agency,Department of Agriculture,Washington,DC
ISITDONEYET.GOV,Federal Agency,Department of Agriculture,Washington,DC
ITAP.GOV,Federal Agency,Department of Agriculture,Beltsville,MD
JUNIORFORESTRANGER.GOV,Federal Agency,Department of Agriculture,Washington,DC
LATINOFARMERCLAIMS.GOV,Federal Agency,Department of Agriculture,St. Louis,MO
LCACOMMONS.GOV,Federal Agency,Department of Agriculture,Beltsville,MD
MTBS.GOV,Federal Agency,Department of Agriculture,Salt Lake City,UT
NAFRI.GOV,Federal Agency,Department of Agriculture,Tucson,AZ
NEL.GOV,Federal Agency,Department of Agriculture,Alexandria,VA
NSTL.GOV,Federal Agency,Department of Agriculture,Ames,IA
NUTRITION.GOV,Federal Agency,Department of Agriculture,Washington,DC
NUTRITIONEVIDENCELIBRARY.GOV,Federal Agency,Department of Agriculture,Alexandria,VA
NWCG.GOV,Federal Agency,Department of Agriculture,Boise,ID
PREGUNTELEAKAREN.GOV,Federal Agency,Department of Agriculture,Washington,DC
RECREATION.GOV,Federal Agency,Department of Agriculture,Ogden,UT
REO.GOV,Federal Agency,Department of Agriculture,Portland,OR
SMOKEYBEAR.GOV,Federal Agency,Department of Agriculture,Washington,DC
START2FARM.GOV,Federal Agency,Department of Agriculture,Beltsville,MD
SYMBOLS.GOV,Federal Agency,Department of Agriculture,Washington,DC
THEPEOPLESGARDEN.GOV,Federal Agency,Department of Agriculture,Wahington,DC
USDA.GOV,Federal Agency,Department of Agriculture,Ft. Collins,CO
USDAPII.GOV,Federal Agency,Department of Agriculture,Washington,DC
VALLESCALDERA.GOV,Federal Agency,Department of Agriculture,Jemez Springs,NM
WILDFIRE.GOV,Federal Agency,Department of Agriculture,Boise,ID
WOMENFARMERCLAIMS.GOV,Federal Agency,Department of Agriculture,St. Louis,MO
WOODSY.GOV,Federal Agency,Department of Agriculture,Washington,DC
WOODSYOWL.GOV,Federal Agency,Department of Agriculture,Washington,DC
AP.GOV,Federal Agency,Department of Commerce,Washington,DC
AVIATIONWEATHER.GOV,Federal Agency,Department of Commerce,Silver Spring,MD
BEA.GOV,Federal Agency,Department of Commerce,Washington,DC
BLDRDOC.GOV,Federal Agency,Department of Commerce,Boulder,CO
BUYUSA.GOV,Federal Agency,Department of Commerce,Washington,DC
CBP.GOV,Federal Agency,Department of Commerce,Alexandria,VA
CENSUS.GOV,Federal Agency,Department of Commerce,Suitland,MD
CIVILRIGHTSUSA.GOV,Federal Agency,Department of Commerce,Alexandria,VA
CLIMATE.GOV,Federal Agency,Department of Commerce,Silver Spring,MD
CLIMATECHANGE.GOV,Federal Agency,Department of Commerce,Oak Ridge,TN
COMMERCE.GOV,Federal Agency,Department of Commerce,Washington,DC
COOP-USPTO.GOV,Federal Agency,Department of Commerce,Arlington,VA
DIGITALLITERACY.GOV,Federal Agency,Department of Commerce,Washington,DC
DNSOPS.GOV,Federal Agency,Department of Commerce,Gaithersburg,MD
DOC.GOV,Federal Agency,Department of Commerce,Washington,DC
DROUGHT.GOV,Federal Agency,Department of Commerce,Asheville,NC
EDA.GOV,Federal Agency,Department of Commerce,Washington,DC
ESA.GOV,Federal Agency,Department of Commerce,Washington,DC
EXPORT.GOV,Federal Agency,Department of Commerce,Washington,DC
FCSM.GOV,Federal Agency,Department of Commerce,Suitland,MD
FEDSTATS.GOV,Federal Agency,Department of Commerce,Washington,DC
FIRSTNET.GOV,Federal Agency,Department of Commerce,Washington,DC
FISHWATCH.GOV,Federal Agency,Department of Commerce,Silver Spring,MD
GETYOUHOME.GOV,Federal Agency,Department of Commerce,Alexandria,VA
GLOBALENTRY.GOV,Federal Agency,Department of Commerce,Alexandria,VA
GOES-R.GOV,Federal Agency,Department of Commerce,Greenbelt,MD
GPS.GOV,Federal Agency,Department of Commerce,Washington,DC
HURRICANES.GOV,Federal Agency,Department of Commerce,Miami,FL
ITDS.GOV,Federal Agency,Department of Commerce,Springfield,VA
MANUFACTURING.GOV,Federal Agency,Department of Commerce,Washington,DC
MAPSTATS.GOV,Federal Agency,Department of Commerce,Washington,DC
MARINECADASTRE.GOV,Federal Agency,Department of Commerce,Charleston,SC
MBDA.GOV,Federal Agency,Department of Commerce,Washington,DC
MGI.GOV,Federal Agency,Department of Commerce,Gaithersburg,MD
NEHRP.GOV,Federal Agency,Department of Commerce,Gaithersburg,MD
NIST.GOV,Federal Agency,Department of Commerce,Gaithersburg,MD
NOAA.GOV,Federal Agency,Department of Commerce,Silver Spring,MD
NTIS.GOV,Federal Agency,Department of Commerce,Alexandria,VA
OFCM.GOV,Federal Agency,Department of Commerce,Silver Spring,MD
PAPAHANAUMOKUAKEA.GOV,Federal Agency,Department of Commerce,Silver Spring,MD
PSCR.GOV,Federal Agency,Department of Commerce,Boulder,CO
SDR.GOV,Federal Agency,Department of Commerce,Washington,DC
SELECTUSA.GOV,Federal Agency,Department of Commerce,Washington,DC
SPACEWEATHER.GOV,Federal Agency,Department of Commerce,Boulder,CO
SPECTRUM.GOV,Federal Agency,Department of Commerce,Washington,DC
STANDARDS.GOV,Federal Agency,Department of Commerce,Gaithersburg,MD
TIME.GOV,Federal Agency,Department of Commerce,Boulder,CO
TRADE.GOV,Federal Agency,Department of Commerce,Washington,DC
TSUNAMI.GOV,Federal Agency,Department of Commerce,Palmer,AK
USPTO.GOV,Federal Agency,Department of Commerce,Washington,DC
WDOL.GOV,Federal Agency,Department of Commerce,Alexandria,VA
WEATHER.GOV,Federal Agency,Department of Commerce,Silver Spring,MD
ADLNET.GOV,Federal Agency,Department of Defense,Washington,DC
AFTAC.GOV,Federal Agency,Department of Defense,Patrick AFB,FL
ALTUSANDC.GOV,Federal Agency,Department of Defense,"patrick, afb",FL
BRAC.GOV,Federal Agency,Department of Defense,Alexandria,VA
CMTS.GOV,Federal Agency,Department of Defense,Mobile,AL
CNSS.GOV,Federal Agency,Department of Defense,Ft George G. Meade,MD
CTOC.GOV,Federal Agency,Department of Defense,Starke,FL
CTTSO.GOV,Federal Agency,Department of Defense,Arlington,VA
DEFENSE.GOV,Federal Agency,Department of Defense,Fort Meade,MD
DOD.GOV,Federal Agency,Department of Defense,Fort Meade,MD
EACLEARINGHOUSE.GOV,Federal Agency,Department of Defense,Arlington,VA
ERDC.GOV,Federal Agency,Department of Defense,Vicksburg,MS
FVAP.GOV,Federal Agency,Department of Defense,Alexandria,VA
IAD.GOV,Federal Agency,Department of Defense,Ft Meade,MD
IOSS.GOV,Federal Agency,Department of Defense,Greenbelt,MD
ITC.GOV,Federal Agency,Department of Defense,Ft. Washington,MD
JCCS.GOV,Federal Agency,Department of Defense,Alexandria,VA
MCRMC.GOV,Federal Agency,Department of Defense,Arlington,VA
MOJAVEDATA.GOV,Federal Agency,Department of Defense,Barstow,CA
MTMC.GOV,Federal Agency,Department of Defense,Alexandria,VA
MYPAY.GOV,Federal Agency,Department of Defense,Pensacola,FL
NCR.GOV,Federal Agency,Department of Defense,Washington,DC
NRO.GOV,Federal Agency,Department of Defense,Chantilly,VA
NROJR.GOV,Federal Agency,Department of Defense,Chantilly,VA
NSA.GOV,Federal Agency,Department of Defense,Ft. Meade,MD
NSEP.GOV,Federal Agency,Department of Defense,Arlington,VA
OEA.GOV,Federal Agency,Department of Defense,Arlington,VA
OSDBU.GOV,Federal Agency,Department of Defense,Washington,DC
PENTAGON.GOV,Federal Agency,Department of Defense,Fort Meade,MD
SAFEXCHANGE.GOV,Federal Agency,Department of Defense,Falls Church,VA
SITEIDIQ.GOV,Federal Agency,Department of Defense,Arlington,VA
TSWG.GOV,Federal Agency,Department of Defense,Arlington,VA
USANDC.GOV,Federal Agency,Department of Defense,Patrick AFB,FL
AAPI.GOV,Federal Agency,Department of Education,Washington,DC
BFELOB.GOV,Federal Agency,Department of Education,Washington,DC
CHILDSTATS.GOV,Federal Agency,Department of Education,Washington,DC
COLLEGE.GOV,Federal Agency,Department of Education,Washington,DC
COLLEGENAVIGATOR.GOV,Federal Agency,Department of Education,Washington,DC
ED.GOV,Federal Agency,Department of Education,Washington,DC
EDPUBS.GOV,Federal Agency,Department of Education,Washington ,DC
EDUCATION.GOV,Federal Agency,Department of Education,Washington,DC
FAFSA.GOV,Federal Agency,Department of Education,Washington,DC
FSAPUBS.GOV,Federal Agency,Department of Education,Washington,DC
G5.GOV,Federal Agency,Department of Education,Washington,DC
NAGB.GOV,Federal Agency,Department of Education,Washington,DC
NATIONSREPORTCARD.GOV,Federal Agency,Department of Education,Washington,DC
OPPORTUNITY.GOV,Federal Agency,Department of Education,Washington,DC
STUDENTAID.GOV,Federal Agency,Department of Education,Washington,DC
STUDENTLOANS.GOV,Federal Agency,Department of Education,Washington,DC
AMESLAB.GOV,Federal Agency,Department of Energy,Ames,IA
ANL.GOV,Federal Agency,Department of Energy,Argonne,IL
ARM.GOV,Federal Agency,Department of Energy,Richland,WA
BIOMASSBOARD.GOV,Federal Agency,Department of Energy,Washington,DC
BNL.GOV,Federal Agency,Department of Energy,Upton,NY
BPA.GOV,Federal Agency,Department of Energy,Portland,OR
BRC.GOV,Federal Agency,Department of Energy,Washington,DC
BUILDINGAMERICA.GOV,Federal Agency,Department of Energy,Golden,CO
CASL.GOV,Federal Agency,Department of Energy,Oak Ridge,TN
CEBAF.GOV,Federal Agency,Department of Energy,Newport News,VA
CENDI.GOV,Federal Agency,Department of Energy,Oak Ridge,TN
CRT2014-2024REVIEW.GOV,Federal Agency,Department of Energy,Portland,OR
DOE.GOV,Federal Agency,Department of Energy,Washington,DC
DOEAL.GOV,Federal Agency,Department of Energy,Albuquerque,NM
EIA.GOV,Federal Agency,Department of Energy,Washington,DC
ENERGY.GOV,Federal Agency,Department of Energy,Washington,DC
ENERGYCODES.GOV,Federal Agency,Department of Energy,Richland,WA
ENERGYPLUS.GOV,Federal Agency,Department of Energy,Washington,DC
ENERGYSAVER.GOV,Federal Agency,Department of Energy,Washington,DC
ENERGYSAVERS.GOV,Federal Agency,Department of Energy,Washington,DC
FNAL.GOV,Federal Agency,Department of Energy,Batavia,IL
FUELECONOMY.GOV,Federal Agency,Department of Energy,Oak Ridge,TN
HANFORD.GOV,Federal Agency,Department of Energy,Richland,WA
HIGHPERFORMANCEBUILDINGS.GOV,Federal Agency,Department of Energy,Golden,CO
HOMEENERGYSCORE.GOV,Federal Agency,Department of Energy,Washington,DC
HYDROGEN.GOV,Federal Agency,Department of Energy,Washington,DC
INEL.GOV,Federal Agency,Department of Energy,Idaho Falls,ID
INL.GOV,Federal Agency,Department of Energy,Idaho Falls,ID
ISOTOPE.GOV,Federal Agency,Department of Energy,Oak Ridge,TN
ISOTOPES.GOV,Federal Agency,Department of Energy,Oak Ridge,TN
KAPL.GOV,Federal Agency,Department of Energy,Schenectady,NY
LANL.GOV,Federal Agency,Department of Energy,Los Alamos,NM
LBL.GOV,Federal Agency,Department of Energy,Berkeley,CA
LLNL.GOV,Federal Agency,Department of Energy,Livermore,CA
NCCRC.GOV,Federal Agency,Department of Energy,Oak Ridge,TN
NCCS.GOV,Federal Agency,Department of Energy,Oak Ridge,TN
NCRC.GOV,Federal Agency,Department of Energy,Oak Ridge,TN
NERSC.GOV,Federal Agency,Department of Energy,Berkeley,CA
NEUP.GOV,Federal Agency,Department of Energy,Washington,DC
NREL.GOV,Federal Agency,Department of Energy,Golden,CO
NRELHUB.GOV,Federal Agency,Department of Energy,Golden,CO
NTRC.GOV,Federal Agency,Department of Energy,Knoxville,TN
NUCLEAR.GOV,Federal Agency,Department of Energy,Washington,DC
ORAU.GOV,Federal Agency,Department of Energy,Oak Ridge,TN
ORNL.GOV,Federal Agency,Department of Energy,Oak Ridge,TN
OSTI.GOV,Federal Agency,Department of Energy,Oak Ridge,TN
PNL.GOV,Federal Agency,Department of Energy,Richland,WA
PNNL.GOV,Federal Agency,Department of Energy,Richland,WA
RL.GOV,Federal Agency,Department of Energy,Richland,WA
SALMONRECOVERY.GOV,Federal Agency,Department of Energy,Portland,OR
SANDIA.GOV,Federal Agency,Department of Energy,Albuquerque,NM
SCIDAC.GOV,Federal Agency,Department of Energy,Oak Ridge,TN
SCIENCE.GOV,Federal Agency,Department of Energy,Oak Ridge,TN
SCIENCEACCELERATOR.GOV,Federal Agency,Department of Energy,Oak Ridge,TN
SCIENCEEDUCATION.GOV,Federal Agency,Department of Energy,Oak Ridge,TN
SMARTGRID.GOV,Federal Agency,Department of Energy,Washington,DC
SNS.GOV,Federal Agency,Department of Energy,Oak Ridge,TN
SOLARDECATHLON.GOV,Federal Agency,Department of Energy,Golden,CO
SRS.GOV,Federal Agency,Department of Energy,Aiken,SC
SWPA.GOV,Federal Agency,Department of Energy,Tulsa,OK
UNNPP.GOV,Federal Agency,Department of Energy,West Mifflin,PA
UNRPNET.GOV,Federal Agency,Department of Energy,Washington,DC
WAPA.GOV,Federal Agency,Department of Energy,Lakewood,CO
WINDPOWERINGAMERICA.GOV,Federal Agency,Department of Energy,Golden,CO
YMP.GOV,Federal Agency,Department of Energy,Las Vegas,NV
ACF.GOV,Federal Agency,Department of Health And Human Services,Washington,DC
ACL.GOV,Federal Agency,Department of Health And Human Services,Washington,DC
AFTERSCHOOL.GOV,Federal Agency,Department of Health And Human Services,Washington,DC
AGING.GOV,Federal Agency,Department of Health And Human Services,Washington,DC
AGINGSTATS.GOV,Federal Agency,Department of Health And Human Services,Washington,DC
AHCPR.GOV,Federal Agency,Department of Health And Human Services,Rockville,MD
AHRQ.GOV,Federal Agency,Department of Health And Human Services,Rockville,MD
AIDS.GOV,Federal Agency,Department of Health And Human Services,Washington,DC
ALZHEIMERS.GOV,Federal Agency,Department of Health And Human Services,Washington,DC
AOA.GOV,Federal Agency,Department of Health And Human Services,Washington,DC
BAM.GOV,Federal Agency,Department of Health And Human Services,Atlanta,GA
BESTBONESFOREVER.GOV,Federal Agency,Department of Health And Human Services,Washington,DC
BETOBACCOFREE.GOV,Federal Agency,Department of Health And Human Services,Washington,DC
BIOETHICS.GOV,Federal Agency,Department of Health And Human Services,Washington,DC
BIOSECURITYBOARD.GOV,Federal Agency,Department of Health And Human Services,Washington,DC
BRAINHEALTH.GOV,Federal Agency,Department of Health And Human Services,Washington,DC
CANCER.GOV,Federal Agency,Department of Health And Human Services,Rockville,MD
CANCERNET.GOV,Federal Agency,Department of Health And Human Services,Rockville,MD
CDC.GOV,Federal Agency,Department of Health And Human Services,Atlanta,GA
CHILDWELFARE.GOV,Federal Agency,Department of Health And Human Services,Washington,DC
CLINICALTRIAL.GOV,Federal Agency,Department of Health And Human Services,Bethesda,MD
CLINICALTRIALS.GOV,Federal Agency,Department of Health And Human Services,Bethesda,MD
CLUBDRUGS.GOV,Federal Agency,Department of Health And Human Services,Bethesda,MD
CMS.GOV,Federal Agency,Department of Health And Human Services,Baltimore,MD
COLLEGEDRINKINGPREVENTION.GOV,Federal Agency,Department of Health And Human Services,Bethesda,MD
CUIDADODESALUD.GOV,Federal Agency,Department of Health And Human Services,Baltimore,MD
DHHS.GOV,Federal Agency,Department of Health And Human Services,Washington,DC
DIABETESCOMMITTEE.GOV,Federal Agency,Department of Health And Human Services,Washington,DC
DOCLINE.GOV,Federal Agency,Department of Health And Human Services,Bethesda,MD
DONACIONDEORGANOS.GOV,Federal Agency,Department of Health And Human Services,Rockville,MD
DRUGABUSE.GOV,Federal Agency,Department of Health And Human Services,Baltimore,MD
DRUGFREEWORKPLACE.GOV,Federal Agency,Department of Health And Human Services,Rockville,MD
EDISON.GOV,Federal Agency,Department of Health And Human Services,Bethesda,MD
ELDERCARE.GOV,Federal Agency,Department of Health And Human Services,Washington,DC
ENDINGTHEDOCUMENTGAME.GOV,Federal Agency,Department of Health And Human Services,Washington,DC
ERRP.GOV,Federal Agency,Department of Health And Human Services,Baltimore,MD
FATHERHOOD.GOV,Federal Agency,Department of Health And Human Services,Washington,DC
FDA.GOV,Federal Agency,Department of Health And Human Services,Rockville,MD
FINDYOUTHINFO.GOV,Federal Agency,Department of Health And Human Services,Rockville,MD
FITNESS.GOV,Federal Agency,Department of Health And Human Services,Washington,DC
FLU.GOV,Federal Agency,Department of Health And Human Services,Washington ,DC
FOODSAFETY.GOV,Federal Agency,Department of Health And Human Services,Washington,DC
FRESHEMPIRE.GOV,Federal Agency,Department of Health And Human Services,Washington,DC
FRUITSANDVEGGIESMATTER.GOV,Federal Agency,Department of Health And Human Services,Washington,DC
GENBANK.GOV,Federal Agency,Department of Health And Human Services,Bethesda,MD
GENOME.GOV,Federal Agency,Department of Health And Human Services,Bethesda,MD
GIRLSHEALTH.GOV,Federal Agency,Department of Health And Human Services,Washington,DC
GLOBALHEALTH.GOV,Federal Agency,Department of Health And Human Services,Rockville,MD
GRANTS.GOV,Federal Agency,Department of Health And Human Services,Washington,DC
GRANTSOLUTIONS.GOV,Federal Agency,Department of Health And Human Services,Washington,DC
GUIDELINE.GOV,Federal Agency,Department of Health And Human Services,Rockville,MD
GUIDELINES.GOV,Federal Agency,Department of Health And Human Services,Rockville,MD
HCQUALITYCOMMISSION.GOV,Federal Agency,Department of Health And Human Services,Rockville,MD
HEALTH.GOV,Federal Agency,Department of Health And Human Services,Washington,DC
HEALTHCARE.GOV,Federal Agency,Department of Health And Human Services,Baltimore,MD
HEALTHDATA.GOV,Federal Agency,Department of Health And Human Services,Washington,DC
HEALTHFINDER.GOV,Federal Agency,Department of Health And Human Services,Washington,DC
HEALTHINDICATORS.GOV,Federal Agency,Department of Health And Human Services,Washington,DC
HEALTHIT.GOV,Federal Agency,Department of Health And Human Services,Washington,DC
HEALTHREFORM.GOV,Federal Agency,Department of Health And Human Services,Washington,DC
HEALTHYPEOPLE.GOV,Federal Agency,Department of Health And Human Services,Washington,DC
HEARTTRUTH.GOV,Federal Agency,Department of Health And Human Services,Bethesda,MD
HHS.GOV,Federal Agency,Department of Health And Human Services,Washington,DC
HHSOIG.GOV,Federal Agency,Department of Health And Human Services,Washington,DC
HHSOPS.GOV,Federal Agency,Department of Health And Human Services,Rockville,MD
HIV.GOV,Federal Agency,Department of Health And Human Services,Washington,DC
HRSA.GOV,Federal Agency,Department of Health And Human Services,Rockville,MD
IDEALAB.GOV,Federal Agency,Department of Health And Human Services,Washington,DC
IEDISON.GOV,Federal Agency,Department of Health And Human Services,Bethesda,MD
IHS.GOV,Federal Agency,Department of Health And Human Services,Albuquerque,NM
INSUREKIDSNOW.GOV,Federal Agency,Department of Health And Human Services,Baltimore,MD
KNOWTHEFACTSFIRST.GOV,Federal Agency,Department of Health And Human Services,Washington,DC
LOCATORPLUS.GOV,Federal Agency,Department of Health And Human Services,Bethesda,MD
LONGTERMCARE.GOV,Federal Agency,Department of Health And Human Services,Washington,DC
MEDICAID.GOV,Federal Agency,Department of Health And Human Services,Baltimore,MD
MEDICALCOUNTERMEASURES.GOV,Federal Agency,Department of Health And Human Services,Washington,DC
MEDICALRESERVECORPS.GOV,Federal Agency,Department of Health And Human Services,Washington,DC
MEDICARE.GOV,Federal Agency,Department of Health And Human Services,Baltimore,MD
MEDLINE.GOV,Federal Agency,Department of Health And Human Services,Bethesda,MD
MEDLINEPLUS.GOV,Federal Agency,Department of Health And Human Services,Bethesda,MD
MENTALHEALTH.GOV,Federal Agency,Department of Health And Human Services,Bethesda,MD
MESH.GOV,Federal Agency,Department of Health And Human Services,Bethesda,MD
MIMEDICARE.GOV,Federal Agency,Department of Health And Human Services,Baltimore,MD
MYMEDICARE.GOV,Federal Agency,Department of Health And Human Services,Baltimore,MD
NATIONALCHILDRENSSTUDY.GOV,Federal Agency,Department of Health And Human Services,Bethesda,MD
NCIFCRF.GOV,Federal Agency,Department of Health And Human Services,Frederick,MD
NGC.GOV,Federal Agency,Department of Health And Human Services,Rockville,MD
NIH.GOV,Federal Agency,Department of Health And Human Services,Bethesda,MD
NIHSENIORHEALTH.GOV,Federal Agency,Department of Health And Human Services,Bethesda,MD
NIOSH.GOV,Federal Agency,Department of Health And Human Services,Atlanta,GA
NLM.GOV,Federal Agency,Department of Health And Human Services,Bethesda,MD
NNLM.GOV,Federal Agency,Department of Health And Human Services,Bethesda,MD
ORGANDONOR.GOV,Federal Agency,Department of Health And Human Services,Rockville,MD
PANDEMICFLU.GOV,Federal Agency,Department of Health And Human Services,Washington,DC
PCIP.GOV,Federal Agency,Department of Health And Human Services,New Orleans,LA
PHE.GOV,Federal Agency,Department of Health And Human Services,Washington,DC
PSC.GOV,Federal Agency,Department of Health And Human Services,Rockville,MD
PUBMED.GOV,Federal Agency,Department of Health And Human Services,Bethesda,MD
PUBMEDCENTRAL.GOV,Federal Agency,Department of Health And Human Services,Bethesda,MD
QUIC.GOV,Federal Agency,Department of Health And Human Services,Rockville,MD
QUICK.GOV,Federal Agency,Department of Health And Human Services,Rockville,MD
RECOVERYMONTH.GOV,Federal Agency,Department of Health And Human Services,Rockville,MD
SAFEYOUTH.GOV,Federal Agency,Department of Health And Human Services,Atlanta,GA
SAMHSA.GOV,Federal Agency,Department of Health And Human Services,Rockville,MD
SELECTAGENTS.GOV,Federal Agency,Department of Health And Human Services,Washington,DC
SMOKEFREE.GOV,Federal Agency,Department of Health And Human Services,Rockville,MD
STEROIDABUSE.GOV,Federal Agency,Department of Health And Human Services,Bethesda,MD
STOPALCOHOLABUSE.GOV,Federal Agency,Department of Health And Human Services,Washington,DC
STOPBULLYING.GOV,Federal Agency,Department of Health And Human Services,Washington,DC
STOPMEDICAREFRAUD.GOV,Federal Agency,Department of Health And Human Services,Washington,DC
SURGEONGENERAL.GOV,Federal Agency,Department of Health And Human Services,Washington,DC
THECOOLSPOT.GOV,Federal Agency,Department of Health And Human Services,Rockville,MD
THEREALCOST.GOV,Federal Agency,Department of Health And Human Services,Washington,DC
TISSUEENGINEERING.GOV,Federal Agency,Department of Health And Human Services,Bethesda,MD
TOBACCO.GOV,Federal Agency,Department of Health And Human Services,Washington,DC
USABILITY.GOV,Federal Agency,Department of Health And Human Services,Washington,DC
USBM.GOV,Federal Agency,Department of Health And Human Services,Atlanta,GA
USPHS.GOV,Federal Agency,Department of Health And Human Services,Rockville,MD
VACCINES.GOV,Federal Agency,Department of Health And Human Services,Washington,DC
WHAGING.GOV,Federal Agency,Department of Health And Human Services,Washington,DC
WHITEHOUSECONFERENCEONAGING.GOV,Federal Agency,Department of Health And Human Services,Washington,DC
WOMENSHEALTH.GOV,Federal Agency,Department of Health And Human Services,Washington,DC
YOUTH.GOV,Federal Agency,Department of Health And Human Services,Washington,DC
BIOMETRICS.GOV,Federal Agency,Department of Homeland Security,Arlington,VA
CITIZENCORPS.GOV,Federal Agency,Department of Homeland Security,Washington,DC
CPNIREPORTING.GOV,Federal Agency,Department of Homeland Security,Washington,DC
DHS.GOV,Federal Agency,Department of Homeland Security,Washington,DC
DISASTERASSISTANCE.GOV,Federal Agency,Department of Homeland Security,Bluemont,VA
FEMA.GOV,Federal Agency,Department of Homeland Security,Washington,DC
FIRSTRESPONDER.GOV,Federal Agency,Department of Homeland Security,Washington,DC
FIRSTRESPONDERTRAINING.GOV,Federal Agency,Department of Homeland Security,Washington,DC
FLETA.GOV,Federal Agency,Department of Homeland Security,Glynco,GA
FLETC.GOV,Federal Agency,Department of Homeland Security,Glynco,GA
FLIGHTSCHOOLCANDIDATES.GOV,Federal Agency,Department of Homeland Security,Rockville,MD
FLOODSMART.GOV,Federal Agency,Department of Homeland Security,Bluemont,VA
HOMELANDSECURITY.GOV,Federal Agency,Department of Homeland Security,Washington,DC
ICE.GOV,Federal Agency,Department of Homeland Security,Washington,DC
LISTO.GOV,Federal Agency,Department of Homeland Security,Washington,DC
LLIS.GOV,Federal Agency,Department of Homeland Security,Washington,DC
NMSC.GOV,Federal Agency,Department of Homeland Security,St Augustine,FL
READY.GOV,Federal Agency,Department of Homeland Security,Washington,DC
READYBUSINESS.GOV,Federal Agency,Department of Homeland Security,Washington,DC
SAFECOMPROGRAM.GOV,Federal Agency,Department of Homeland Security,Washington,DC
SAFETYACT.GOV,Federal Agency,Department of Homeland Security,Washington,DC
SECRETSERVICE.GOV,Federal Agency,Department of Homeland Security,Washington D.C.,DC
TSA.GOV,Federal Agency,Department of Homeland Security,Arlington,VA
US-CERT.GOV,Federal Agency,Department of Homeland Security,Washington,DC
USCG.GOV,Federal Agency,Department of Homeland Security,Alexandria,VA
USCIS.GOV,Federal Agency,Department of Homeland Security,Washington,DC
USSS.GOV,Federal Agency,Department of Homeland Security,Washington,DC
DISASTERHOUSING.GOV,Federal Agency,Department of Housing And Urban Development,Washington,DC
FHA.GOV,Federal Agency,Department of Housing And Urban Development,Washington,DC
GINNIEMAE.GOV,Federal Agency,Department of Housing And Urban Development,Washington,DC
HOMESALES.GOV,Federal Agency,Department of Housing And Urban Development,Washington,DC
HUD.GOV,Federal Agency,Department of Housing And Urban Development,Washington,DC
HUDOIG.GOV,Federal Agency,Department of Housing And Urban Development,Washington,DC
HUDUSER.GOV,Federal Agency,Department of Housing And Urban Development,Washington,DC
NATIONALHOUSING.GOV,Federal Agency,Department of Housing And Urban Development,Washington,DC
NATIONALHOUSINGLOCATOR.GOV,Federal Agency,Department of Housing And Urban Development,Washington,DC
NHL.GOV,Federal Agency,Department of Housing And Urban Development,Washington,DC
NLS.GOV,Federal Agency,Department of Housing And Urban Development,Washington,DC
ADA.GOV,Federal Agency,Department of Justice,Rockville,MD
ADR.GOV,Federal Agency,Department of Justice,Rockville,MD
AMBERALERT.GOV,Federal Agency,Department of Justice,Potomac,MD
ATF.GOV,Federal Agency,Department of Justice,Washington,DC
BIOMETRICCOE.GOV,Federal Agency,Department of Justice,Clarksburg,WV
BJA.GOV,Federal Agency,Department of Justice,Washington ,DC
BJS.GOV,Federal Agency,Department of Justice,Washington,DC
BOP.GOV,Federal Agency,Department of Justice,Washington,DC
CRIMESOLUTIONS.GOV,Federal Agency,Department of Justice,Washinton ,DC
CRIMEVICTIMS.GOV,Federal Agency,Department of Justice,Potomac,MD
CYBERCRIME.GOV,Federal Agency,Department of Justice,Washington,DC
DEA.GOV,Federal Agency,Department of Justice,Rockville,MD
DEADIVERSION.GOV,Federal Agency,Department of Justice,Potomac,MD
DEALS.GOV,Federal Agency,Department of Justice,Washington,DC
DNA.GOV,Federal Agency,Department of Justice,Potomac,MD
DSAC.GOV,Federal Agency,Department of Justice,Potomac,MD
ESPANOLFORLAWENFORCEMENT.GOV,Federal Agency,Department of Justice,Potomac,MD
FARA.GOV,Federal Agency,Department of Justice,potomac,MD
FBI.GOV,Federal Agency,Department of Justice,Washington,DC
FBIJOBS.GOV,Federal Agency,Department of Justice,Washington,DC
FIRSTFREEDOM.GOV,Federal Agency,Department of Justice,Potomac,MD
FOIA.GOV,Federal Agency,Department of Justice,Washington,DC
FORFEITURE.GOV,Federal Agency,Department of Justice,Potomac,MD
FPI.GOV,Federal Agency,Department of Justice,Washington,DC
GETSMARTABOUTDRUGS.GOV,Federal Agency,Department of Justice,Potomac,MD
HELPINGAMERICASYOUTH.GOV,Federal Agency,Department of Justice,Potomac,MD
IC3.GOV,Federal Agency,Department of Justice,Fairmont,WV
INTERPOL.GOV,Federal Agency,Department of Justice,Potomac,MD
IPRCENTER.GOV,Federal Agency,Department of Justice,Washington,DC
JUSTICE.GOV,Federal Agency,Department of Justice,Rockville,MD
JUSTTHINKTWICE.GOV,Federal Agency,Department of Justice,Potomac,MD
JUVENILECOUNCIL.GOV,Federal Agency,Department of Justice,Potomac,MD
LEP.GOV,Federal Agency,Department of Justice,Rockville,MD
LOOKSTOOGOODTOBETRUE.GOV,Federal Agency,Department of Justice,Fairmont,WV
MALWAREINVESTIGATOR.GOV,Federal Agency,Department of Justice,Washington,DC
MEDALOFVALOR.GOV,Federal Agency,Department of Justice,Potomac,MD
NAMUS.GOV,Federal Agency,Department of Justice,Potomac,MD
NATIONALGANGCENTER.GOV,Federal Agency,Department of Justice,Tallahassee,FL
NCIRC.GOV,Federal Agency,Department of Justice,Tallahassee,FL
NCJRS.GOV,Federal Agency,Department of Justice,Potomac,MD
NIBIN.GOV,Federal Agency,Department of Justice,Washington,DC
NICIC.GOV,Federal Agency,Department of Justice,Washington,DC
NIEM.GOV,Federal Agency,Department of Justice,Tallahassee,FL
NIJ.GOV,Federal Agency,Department of Justice,Washington,DC
NMVTIS.GOV,Federal Agency,Department of Justice,Washington,DC
NSOPW.GOV,Federal Agency,Department of Justice,Washington,DC
NVTC.GOV,Federal Agency,Department of Justice,Washington,DC
OJJDP.GOV,Federal Agency,Department of Justice,Potomac,MD
OJP.GOV,Federal Agency,Department of Justice,Washington,DC
OVC.GOV,Federal Agency,Department of Justice,Potomac,MD
OVCTTAC.GOV,Federal Agency,Department of Justice,Potomac,MD
PROJECTSAFECHILDHOOD.GOV,Federal Agency,Department of Justice,Potomac,MD
PROJECTSAFENEIGHBORHOODS.GOV,Federal Agency,Department of Justice,Rockville,MD
PSOB.GOV,Federal Agency,Department of Justice,Potomac,MD
RCFL.GOV,Federal Agency,Department of Justice,McLean,VA
REENTRY.GOV,Federal Agency,Department of Justice,Potomac,MD
SCRA.GOV,Federal Agency,Department of Justice,Potomac,MD
SERVICEMEMBERS.GOV,Federal Agency,Department of Justice,Potomac,MD
SMART.GOV,Federal Agency,Department of Justice,Washington,DC
STOPFRAUD.GOV,Federal Agency,Department of Justice,Rockville,MD
TRIBALJUSTICEANDSAFETY.GOV,Federal Agency,Department of Justice,Potomac,MD
UCRDATATOOL.GOV,Federal Agency,Department of Justice,Washington,DC
UNICOR.GOV,Federal Agency,Department of Justice,Washington,DC
USDOJ.GOV,Federal Agency,Department of Justice,Rockville,MD
USERRA.GOV,Federal Agency,Department of Justice,Potpmac,MD
USMARSHALS.GOV,Federal Agency,Department of Justice,Rockville,MD
VCF.GOV,Federal Agency,Department of Justice,Washington,DC
VEHICLEHISTORY.GOV,Federal Agency,Department of Justice,Potomac,MD
VOTE.GOV,Federal Agency,Department of Justice,Washington,DC
AMERICASHEROESATWORK.GOV,Federal Agency,Department of Labor,Washington,DC
AUTOCOMMUNITIES.GOV,Federal Agency,Department of Labor,Washington,DC
BENEFITS.GOV,Federal Agency,Department of Labor,Washington,DC
BLS.GOV,Federal Agency,Department of Labor,Washington,DC
DISABILITY.GOV,Federal Agency,Department of Labor,Washington,DC
DOL-ESA.GOV,Federal Agency,Department of Labor,Washington,DC
DOL.GOV,Federal Agency,Department of Labor,Washington,DC
DOLETA.GOV,Federal Agency,Department of Labor,Washington,DC
GOVBENEFITS.GOV,Federal Agency,Department of Labor,Washington,DC
GOVLOANS.GOV,Federal Agency,Department of Labor,Washington,DC
JOBCORPS.GOV,Federal Agency,Department of Labor,Austin,TX
LABOR.GOV,Federal Agency,Department of Labor,Washington,DC
MSHA.GOV,Federal Agency,Department of Labor,Arlington,VA
MYNEXTMOVE.GOV,Federal Agency,Department of Labor,Washington,DC
OSHA.GOV,Federal Agency,Department of Labor,Washington,DC
UNIONREPORTS.GOV,Federal Agency,Department of Labor,Washington,DC
VETERANS.GOV,Federal Agency,Department of Labor,Washington,DC
WHISTLEBLOWERS.GOV,Federal Agency,Department of Labor,Washington,DC
WRP.GOV,Federal Agency,Department of Labor,Washington,DC
YOUTHRULES.GOV,Federal Agency,Department of Labor,Washington,DC
AMERICA.GOV,Federal Agency,Department of State,Washington,DC
CIVILIANRESPONSECORPS.GOV,Federal Agency,Department of State,Washington,DC
CONTINENTALSHELF.GOV,Federal Agency,Department of State,Washington,DC
CWC.GOV,Federal Agency,Department of State,Washington,DC
ECOPARTNERSHIPS.GOV,Federal Agency,Department of State,Washington,DC
FAN.GOV,Federal Agency,Department of State,Washington,DC
FOREIGNASSISTANCE.GOV,Federal Agency,Department of State,Washington,DC
FSGB.GOV,Federal Agency,Department of State,Washington,DC
GHI.GOV,Federal Agency,Department of State,Washington,DC
HUMANRIGHTS.GOV,Federal Agency,Department of State,Washington ,DC
IAWG.GOV,Federal Agency,Department of State,Washington,DC
IBWC.GOV,Federal Agency,Department of State,El Paso,TX
ICASS.GOV,Federal Agency,Department of State,Washington,DC
OSAC.GOV,Federal Agency,Department of State,Washington,DC
PEPFAR.GOV,Federal Agency,Department of State,Washington,DC
STATE.GOV,Federal Agency,Department of State,Washington,DC
USCONSULATE.GOV,Federal Agency,Department of State,Washington,DC
USEMBASSY-MEXICO.GOV,Federal Agency,Department of State,Mexico City,11
USEMBASSY.GOV,Federal Agency,Department of State,Washington,DC
USINT.GOV,Federal Agency,Department of State,Washington,DC
USMISSION.GOV,Federal Agency,Department of State,Washington,DC
USVPP.GOV,Federal Agency,Department of State,Washington,DC
ABANDONEDMINES.GOV,Federal Agency,Department of the Interior,Washington,DC
ACWI.GOV,Federal Agency,Department of the Interior,Reston,VA
ALASKACENTERS.GOV,Federal Agency,Department of the Interior,Washington,DC
AMERICANLATINOMUSEUM.GOV,Federal Agency,Department of the Interior,Washington,WV
AMERICASGREATOUTDOORS.GOV,Federal Agency,Department of the Interior,Washington,DC
ANSTASKFORCE.GOV,Federal Agency,Department of the Interior,Arlington,VA
BIA.GOV,Federal Agency,Department of the Interior,Reston,VA
BIOECO.GOV,Federal Agency,Department of the Interior,Denver,CO
BLM.GOV,Federal Agency,Department of the Interior,Denver,CO
BLMNTL.GOV,Federal Agency,Department of the Interior,Denver,CO
BOEM.GOV,Federal Agency,Department of the Interior,Herndon,VA
BOEMRE.GOV,Federal Agency,Department of the Interior,Herndon,VA
BOR.GOV,Federal Agency,Department of the Interior,Denver,CO
BSEE.GOV,Federal Agency,Department of the Interior,Herndon,VA
COAST2050.GOV,Federal Agency,Department of the Interior,Lafayette,LA
CORALREEF.GOV,Federal Agency,Department of the Interior,Denver,CO
CUPCAO.GOV,Federal Agency,Department of the Interior,Denver,CO
DOI.GOV,Federal Agency,Department of the Interior,Washington,DC
DOIOIG.GOV,Federal Agency,Department of the Interior,RESTON,VA
EARTHQUAKE.GOV,Federal Agency,Department of the Interior,Menlo Park,CA
EVERGLADESRESTORATION.GOV,Federal Agency,Department of the Interior,Davie,FL
EVERYKID.GOV,Federal Agency,Department of the Interior,Washington DC,DC
FCG.GOV,Federal Agency,Department of the Interior,Denver,CO
FGDC.GOV,Federal Agency,Department of the Interior,Reston,VA
FIRECODE.GOV,Federal Agency,Department of the Interior,Boise,ID
FIRELEADERSHIP.GOV,Federal Agency,Department of the Interior,Boise,ID
FIRENET.GOV,Federal Agency,Department of the Interior,Boise,ID
FIRESCIENCE.GOV,Federal Agency,Department of the Interior,Boise,ID
FWS.GOV,Federal Agency,Department of the Interior,Lakewood,CO
GCDAMP.GOV,Federal Agency,Department of the Interior,Denver,CO
GCMRC.GOV,Federal Agency,Department of the Interior,Flagstaff,AZ
GEOCOMMUNICATOR.GOV,Federal Agency,Department of the Interior,Denver,CO
GEOMAC.GOV,Federal Agency,Department of the Interior,Denver,CO
GEOPLATFORM.GOV,Federal Agency,Department of the Interior,Washington,DC
IAT.GOV,Federal Agency,Department of the Interior,Boise,ID
INDIANAFFAIRS.GOV,Federal Agency,Department of the Interior,Reston,VA
INTERIOR.GOV,Federal Agency,Department of the Interior,Washington,DC
INVASIVESPECIES.GOV,Federal Agency,Department of the Interior,Washington,DC
JEM.GOV,Federal Agency,Department of the Interior,Lafayett,LA
KLAMATHRESTORATION.GOV,Federal Agency,Department of the Interior,Yreka,CA
LACOAST.GOV,Federal Agency,Department of the Interior,Lafayette,LA
LANDFIRE.GOV,Federal Agency,Department of the Interior,Sioux Falls,SD
LANDIMAGING.GOV,Federal Agency,Department of the Interior,Reston,VA
LCA.GOV,Federal Agency,Department of the Interior,Lafayette,LA
LCRMSCP.GOV,Federal Agency,Department of the Interior,Denver,CO
LMVSCI.GOV,Federal Agency,Department of the Interior,Lafayette,LA
LOWERMISSISSIPPIVALLEYSCIENCE.GOV,Federal Agency,Department of the Interior,Lafayette,LA
MAPAPLANET.GOV,Federal Agency,Department of the Interior,Flagstaff,AZ
MARINE.GOV,Federal Agency,Department of the Interior,Camarillo,CA
MITIGATIONCOMMISSION.GOV,Federal Agency,Department of the Interior,Denver,CO
MMS.GOV,Federal Agency,Department of the Interior,Herndon,VA
MRGO.GOV,Federal Agency,Department of the Interior,Lafayette,LA
MRLC.GOV,Federal Agency,Department of the Interior,Sioux Falls,SD
NATIONALATLAS.GOV,Federal Agency,Department of the Interior,Reston,VA
NATIONALMAP.GOV,Federal Agency,Department of the Interior,Reston,VA
NATIVEONESTOP.GOV,Federal Agency,Department of the Interior,Reston,VA
NBC.GOV,Federal Agency,Department of the Interior,Denver,CO
NDEP.GOV,Federal Agency,Department of the Interior,Reston,VA
NDOP.GOV,Federal Agency,Department of the Interior,Reston,VA
NEMI.GOV,Federal Agency,Department of the Interior,Middleton,WI
NFPORS.GOV,Federal Agency,Department of the Interior,Washington,DC
NIFC.GOV,Federal Agency,Department of the Interior,Boise,ID
NOLAENVIRONMENTAL.GOV,Federal Agency,Department of the Interior,Lafayette,LA
NPS.GOV,Federal Agency,Department of the Interior,WASHINGTON DC,DC
ONHIR.GOV,Federal Agency,Department of the Interior,Flagstaff,AZ
ONRR.GOV,Federal Agency,Department of the Interior,Herndon,VA
OSM.GOV,Federal Agency,Department of the Interior,Washington,DC
OSMRE.GOV,Federal Agency,Department of the Interior,Washington,DC
PIEDRASBLANCAS.GOV,Federal Agency,Department of the Interior,Sacramento,CA
REPORTBAND.GOV,Federal Agency,Department of the Interior,Laurel,MD
RIVERS.GOV,Federal Agency,Department of the Interior,Burbank,WA
SAFECOM.GOV,Federal Agency,Department of the Interior,Boise,ID
SCIENCEBASE.GOV,Federal Agency,Department of the Interior,Denver,CO
SIERRAWILD.GOV,Federal Agency,Department of the Interior,Yosemite,CA
SNAP.GOV,Federal Agency,Department of the Interior,Washington,DC
USBR.GOV,Federal Agency,Department of the Interior,Denver,CO
USGS.GOV,Federal Agency,Department of the Interior,Reston,VA
UTAHFIREINFO.GOV,Federal Agency,Department of the Interior,Denver,CO
VOLCANO.GOV,Federal Agency,Department of the Interior,Anchorage,AK
VOLUNTEER.GOV,Federal Agency,Department of the Interior,Reston,VA
WATERMONITOR.GOV,Federal Agency,Department of the Interior,Reston,VA
WILDLIFEADAPTATIONSTRATEGY.GOV,Federal Agency,Department of the Interior,Arlington,VA
WLCI.GOV,Federal Agency,Department of the Interior,Denver,CO
YOUTHGO.GOV,Federal Agency,Department of the Interior,Shepherdstown,WV
AMA.GOV,Federal Agency,Department of the Treasury,Washington,DC
AMERICATHEBEAUTIFULQUARTERS.GOV,Federal Agency,Department of the Treasury,Washington,DC
ASAP.GOV,Federal Agency,Department of the Treasury,Washington,DC
AYUDACONMIBANCO.GOV,Federal Agency,Department of the Treasury,Washington,DC
BANKANSWERS.GOV,Federal Agency,Department of the Treasury,Washington,DC
BANKCUSTOMER.GOV,Federal Agency,Department of the Treasury,Washington,DC
BANKCUSTOMERASSISTANCE.GOV,Federal Agency,Department of the Treasury,Washington,DC
BANKHELP.GOV,Federal Agency,Department of the Treasury,Washington,DC
BANKNET.GOV,Federal Agency,Department of the Treasury,Washington,DC
BEP.GOV,Federal Agency,Department of the Treasury,Washington,DC
BFEM.GOV,Federal Agency,Department of the Treasury,Washington,DC
BONDPRO.GOV,Federal Agency,Department of the Treasury,Washington,DC
CCAC.GOV,Federal Agency,Department of the Treasury,Washington,DC
CDFIFUND.GOV,Federal Agency,Department of the Treasury,Washington,DC
COMPLAINTREFERRALEXPRESS.GOV,Federal Agency,Department of the Treasury,Washington,DC
COMPTROLLEROFTHECURRENCY.GOV,Federal Agency,Department of the Treasury,Washington,DC
DIRECTOASUCUENTA.GOV,Federal Agency,Department of the Treasury,Washington,DC
EFTPS.GOV,Federal Agency,Department of the Treasury,Washington,DC
ETA-FIND.GOV,Federal Agency,Department of the Treasury,DALLAS,TX
ETHICSBURG.GOV,Federal Agency,Department of the Treasury,Parkersburg,WV
EYENOTE.GOV,Federal Agency,Department of the Treasury,Washington,DC
FEDERALINVESTMENTS.GOV,Federal Agency,Department of the Treasury,Pakersburg,WV
FEDERALSPENDING.GOV,Federal Agency,Department of the Treasury,Washington,DC
FEDINVEST.GOV,Federal Agency,Department of the Treasury,Parkersburg,WV
FEDSPENDING.GOV,Federal Agency,Department of the Treasury,Washington,DC
FINANCIALRESEARCH.GOV,Federal Agency,Department of the Treasury,Washington,DC
FINANCIALSTABILITY.GOV,Federal Agency,Department of the Treasury,Washington,DC
FINCEN.GOV,Federal Agency,Department of the Treasury,Vienna,VA
FSOC.GOV,Federal Agency,Department of the Treasury,Washington,DC
FTTESTTWAI.GOV,Federal Agency,Department of the Treasury,Hyattsville,MD
GODIRECT.GOV,Federal Agency,Department of the Treasury,Washington,DC
GWA.GOV,Federal Agency,Department of the Treasury,Hyattsville,MD
HELPWITHMYBANK.GOV,Federal Agency,Department of the Treasury,Washington,DC
HELPWITHMYCHECKINGACCOUNT.GOV,Federal Agency,Department of the Treasury,Washington,DC
HELPWITHMYCREDITCARD.GOV,Federal Agency,Department of the Treasury,Washington,DC
HELPWITHMYCREDITCARDBANK.GOV,Federal Agency,Department of the Treasury,Washington,DC
HELPWITHMYMORTGAGE.GOV,Federal Agency,Department of the Treasury,Washington,DC
HELPWITHMYMORTGAGEBANK.GOV,Federal Agency,Department of the Treasury,Washington,DC
IPAC.GOV,Federal Agency,Department of the Treasury,Boston,MA
IPP.GOV,Federal Agency,Department of the Treasury,McLean,VA
IRS.GOV,Federal Agency,Department of the Treasury,McLean,VA
IRSAUCTIONS.GOV,Federal Agency,Department of the Treasury,McLean,VA
IRSNET.GOV,Federal Agency,Department of the Treasury,McLean,VA
IRSSALES.GOV,Federal Agency,Department of the Treasury,McLean,VA
IRSVIDEOS.GOV,Federal Agency,Department of the Treasury,Washington,DC
ITS.GOV,Federal Agency,Department of the Treasury,McLean,VA
MAKINGHOMEAFFORDABLE.GOV,Federal Agency,Department of the Treasury,Washington,DC
MHA.GOV,Federal Agency,Department of the Treasury,Washington,DC
MONEYFACTORY.GOV,Federal Agency,Department of the Treasury,Washington,DC
MONEYFACTORYSTORE.GOV,Federal Agency,Department of the Treasury,Washington,DC
MSB.GOV,Federal Agency,Department of the Treasury,Vienna,VA
MYMONEY.GOV,Federal Agency,Department of the Treasury,Washington,DC
MYRA.GOV,Federal Agency,Department of the Treasury,Washington,DC
NATIONALBANK.GOV,Federal Agency,Department of the Treasury,McLean,VA
NATIONALBANKHELP.GOV,Federal Agency,Department of the Treasury,Washington,DC
NATIONALBANKNET.GOV,Federal Agency,Department of the Treasury,Washington,DC
NAVYCASH.GOV,Federal Agency,Department of the Treasury,McLean,VA
OCC.GOV,Federal Agency,Department of the Treasury,Washington,DC
OCCHELPS.GOV,Federal Agency,Department of the Treasury,Washington,DC
OCCNET.GOV,Federal Agency,Department of the Treasury,Landover,MD
OTS.GOV,Federal Agency,Department of the Treasury,McLean,VA
PATRIOTBONDS.GOV,Federal Agency,Department of the Treasury,Parkersburg,WV
PAY.GOV,Federal Agency,Department of the Treasury,Washington,DC
PRACOMMENT.GOV,Federal Agency,Department of the Treasury,Washington,DC
QATESTTWAI.GOV,Federal Agency,Department of the Treasury,Hyattsville,MD
SAVINGSBOND.GOV,Federal Agency,Department of the Treasury,Mclean,VA
SAVINGSBONDS.GOV,Federal Agency,Department of the Treasury,McLean,VA
SAVINGSBONDWIZARD.GOV,Federal Agency,Department of the Treasury,Mclean,VA
SIGTARP.GOV,Federal Agency,Department of the Treasury,Washington,DC
SLGS.GOV,Federal Agency,Department of the Treasury,Mclean,VA
TAAPS.GOV,Federal Agency,Department of the Treasury,Mclean,VA
TAX.GOV,Federal Agency,Department of the Treasury,McLean,VA
TCIS.GOV,Federal Agency,Department of the Treasury,Washington,DC
TIGTA.GOV,Federal Agency,Department of the Treasury,Washington,DC
TIGTANET.GOV,Federal Agency,Department of the Treasury,McLean,VA
TRANSPARENCY.GOV,Federal Agency,Department of the Treasury,Washington,DC
TREAS.GOV,Federal Agency,Department of the Treasury,Washington,DC
TREASLOCKBOX.GOV,Federal Agency,Department of the Treasury,Washington,DC
TREASURY.FED.US,Federal Agency,Department of the Treasury,Washington,DC
TREASURY.GOV,Federal Agency,Department of the Treasury,Washington,DC
TREASURYAUCTION.GOV,Federal Agency,Department of the Treasury,Parkersburg,WV
TREASURYAUCTIONS.GOV,Federal Agency,Department of the Treasury,Mclean,VA
TREASURYDIRECT.GOV,Federal Agency,Department of the Treasury,McLean,VA
TREASURYECM.GOV,Federal Agency,Department of the Treasury,Washington,DC
TREASURYHUNT.GOV,Federal Agency,Department of the Treasury,Parkersburg,WV
TREASURYSCAMS.GOV,Federal Agency,Department of the Treasury,Mclean,VA
TRS.GOV,Federal Agency,Department of the Treasury,Washington,DC
TTB.GOV,Federal Agency,Department of the Treasury,Washington,DC
TTBONLINE.GOV,Federal Agency,Department of the Treasury,McLean,VA
TTLPLUS.GOV,Federal Agency,Department of the Treasury,St. Louis,MO
TWAI.GOV,Federal Agency,Department of the Treasury,Washington,DC
USASPENDING.GOV,Federal Agency,Department of the Treasury,Washington,DC
USDEBITCARD.GOV,Federal Agency,Department of the Treasury,Mclean,VA
USMINT.GOV,Federal Agency,Department of the Treasury,Washington,DC
USTREAS.GOV,Federal Agency,Department of the Treasury,McLean,VA
VERIFYPAYMENT.GOV,Federal Agency,Department of the Treasury,Parkersburg,WV
WIZARD.GOV,Federal Agency,Department of the Treasury,Mclean,VA
WORKPLACE.GOV,Federal Agency,Department of the Treasury,Washington,DC
911.GOV,Federal Agency,Department of Transportation,Washington,DC
BTS.GOV,Federal Agency,Department of Transportation,Washington,DC
CFLHD.GOV,Federal Agency,Department of Transportation,Lakewood,CO
DISTRACTEDDRIVING.GOV,Federal Agency,Department of Transportation,Washington,DC
DISTRACTION.GOV,Federal Agency,Department of Transportation,Washington,DC
DOT.GOV,Federal Agency,Department of Transportation,Washington,DC
DOTIDEAHUB.GOV,Federal Agency,Department of Transportation,Washington,DC
DOTTRAFFICRECORDS.GOV,Federal Agency,Department of Transportation,Room 2202,DC
EMS.GOV,Federal Agency,Department of Transportation,Washington,DC
ESC.GOV,Federal Agency,Department of Transportation,Oklahoma City,OK
FAA.GOV,Federal Agency,Department of Transportation,Washington,DC
FAASAFETY.GOV,Federal Agency,Department of Transportation,Washington,DC
ITALLADDSUP.GOV,Federal Agency,Department of Transportation,Washington,DC
JCCBI.GOV,Federal Agency,Department of Transportation,Oklahoma City,OK
MARVIEW.GOV,Federal Agency,Department of Transportation,Washington,DC
MDA.GOV,Federal Agency,Department of Transportation,Washington,DC
NHTSA.GOV,Federal Agency,Department of Transportation,Washington,DC
NTDPROGRAM.GOV,Federal Agency,Department of Transportation,Washington,DC
PLAINLANGUAGE.GOV,Federal Agency,Department of Transportation,Washington,DC
PROTECTYOURMOVE.GOV,Federal Agency,Department of Transportation,Washington,DC
SAFERCAR.GOV,Federal Agency,Department of Transportation,Washington,DC
SAFERTRUCK.GOV,Federal Agency,Department of Transportation,Washington,DC
SHARETHEROADSAFELY.GOV,Federal Agency,Department of Transportation,Washington,DC
STRONGPORTS.GOV,Federal Agency,Department of Transportation,Washington,DC
SUSTAINABLECOMMUNITIES.GOV,Federal Agency,Department of Transportation,Washington,DC
TFHRC.GOV,Federal Agency,Department of Transportation,Mclean,VA
TRAFFICSAFETYMARKETING.GOV,Federal Agency,Department of Transportation,Washington,DC
TRANSPORTATION.GOV,Federal Agency,Department of Transportation,Washington,DC
UNITEDWERIDE.GOV,Federal Agency,Department of Transportation,Washington,DC
CDCO.GOV,Federal Agency,Department of Veterans Affairs,Austin,TX
NATIONALRESOURCEDIRECTORY.GOV,Federal Agency,Department of Veterans Affairs,Washington,DC
NRD.GOV,Federal Agency,Department of Veterans Affairs,Washington,DC
VA.GOV,Federal Agency,Department of Veterans Affairs,Washington,DC
VETBIZ.GOV,Federal Agency,Department of Veterans Affairs,Washington,DC
VETS.GOV,Federal Agency,Department of Veterans Affairs,Washington,DC
DNI.GOV,Federal Agency,Director of National Intelligence,McLean,VA
IARPA-IDEAS.GOV,Federal Agency,Director of National Intelligence,Washington,DC
IARPA.GOV,Federal Agency,Director of National Intelligence,College Park,MD
ICJOINTDUTY.GOV,Federal Agency,Director of National Intelligence,Washington,DC
INTELINK.GOV,Federal Agency,Director of National Intelligence,Ft. George G. Meade,MD
INTELLIGENCE.GOV,Federal Agency,Director of National Intelligence,Washington,DC
ISE.GOV,Federal Agency,Director of National Intelligence,Washington ,DC
NCIX.GOV,Federal Agency,Director of National Intelligence,Washington,DC
NCSC.GOV,Federal Agency,Director of National Intelligence,Bethesda,MD
NMIC.GOV,Federal Agency,Director of National Intelligence,Washington,DC
ODNI.GOV,Federal Agency,Director of National Intelligence,Washington,DC
OSIS.GOV,Federal Agency,Director of National Intelligence,Fort George G. Meade,MD
PIX.GOV,Federal Agency,Director of National Intelligence,Washington,DC
QART.GOV,Federal Agency,Director of National Intelligence,Washington,DC
UGOV.GOV,Federal Agency,Director of National Intelligence,Fort George G Meade,MD
AIRNOW.GOV,Federal Agency,Environmental Protection Agency,Durham,NC
CBI-EPA.GOV,Federal Agency,Environmental Protection Agency,Durham,NC
ENERGYSTAR.GOV,Federal Agency,Environmental Protection Agency,Washington,DC
EPA.GOV,Federal Agency,Environmental Protection Agency,Research Triangle Park,NC
FDMS.GOV,Federal Agency,Environmental Protection Agency,Washington,DC
FEDCENTER.GOV,Federal Agency,Environmental Protection Agency,Champaign,IL
FRTR.GOV,Federal Agency,Environmental Protection Agency,Omaha,NE
GREENGOV.GOV,Federal Agency,Environmental Protection Agency, Washington,DC
OFEE.GOV,Federal Agency,Environmental Protection Agency,Washington,DC
REGULATION.GOV,Federal Agency,Environmental Protection Agency,Washington,DC
REGULATIONS.GOV,Federal Agency,Environmental Protection Agency,Washington,DC
RELOCATEFEDS.GOV,Federal Agency,Environmental Protection Agency,Cincinnati,OH
SUSTAINABILITY.GOV,Federal Agency,Environmental Protection Agency,Washington,DC
URBANWATERS.GOV,Federal Agency,Environmental Protection Agency,Washington,DC
EEOC.GOV,Federal Agency,Equal Employment Opportunity Commission,Washington,DC
AIDREFUGEES.GOV,Federal Agency,Executive Office of the President,Washington,DC
ASTRONGMIDDLECLASS.GOV,Federal Agency,Executive Office of the President,Washington,DC
BUDGET.GOV,Federal Agency,Executive Office of the President,Washington,DC
CHANGE.GOV,Federal Agency,Executive Office of the President,Arlington,VA
EARMARKS.GOV,Federal Agency,Executive Office of the President,Washington,DC
EGOV.GOV,Federal Agency,Executive Office of the President,Washington,DC
EOP.GOV,Federal Agency,Executive Office of the President,Washington,DC
ETHICS.GOV,Federal Agency,Executive Office of the President,Washington ,DC
EXRWH.GOV,Federal Agency,Executive Office of the President,Washington,DC
FISCALCOMMISSION.GOV,Federal Agency,Executive Office of the President,Washington,DC
HC.GOV,Federal Agency,Executive Office of the President,Washington,DC
ITDASHBOARD.GOV,Federal Agency,Executive Office of the President,Washington,DC
JOININGFORCES.GOV,Federal Agency,Executive Office of the President,Washington,DC
LETSMOVE.GOV,Federal Agency,Executive Office of the President,Washington,DC
MAX.GOV,Federal Agency,Executive Office of the President,NW,WA
NEPA.GOV,Federal Agency,Executive Office of the President,Washington,DC
NOTALONE.GOV,Federal Agency,Executive Office of the President,Washington,DC
NSTIC.GOV,Federal Agency,Executive Office of the President,Gaithersburg,MD
OMB.GOV,Federal Agency,Executive Office of the President,Washington,DC
OMBLOG.GOV,Federal Agency,Executive Office of the President,Washington,DC
ONDCP.GOV,Federal Agency,Executive Office of the President,Washington,DC
OSTP.GOV,Federal Agency,Executive Office of the President,Washington,DC
PAYMENTACCURACY.GOV,Federal Agency,Executive Office of the President,Washington,DC
PCI.GOV,Federal Agency,Executive Office of the President,Washington,DC
PRESIDIO.GOV,Federal Agency,Executive Office of the President,San Francisco,CA
PRESIDIOTRUST.GOV,Federal Agency,Executive Office of the President,San Francisco,CA
REACHHIGHER.GOV,Federal Agency,Executive Office of the President,Washington,DC
SAVE.GOV,Federal Agency,Executive Office of the President,Washington,DC
SAVEAWARD.GOV,Federal Agency,Executive Office of the President,Washington,DC
STRONGMIDDLECLASS.GOV,Federal Agency,Executive Office of the President,Washington,DC
USTR.GOV,Federal Agency,Executive Office of the President,Washington,DC
WH.GOV,Federal Agency,Executive Office of the President,Washington,DC
WHITEHOUSE.GOV,Federal Agency,Executive Office of the President,Washington,DC
WHITEHOUSEDRUGPOLICY.GOV,Federal Agency,Executive Office of the President,Washington,DC
EXIM.GOV,Federal Agency,Export/Import Bank of the U.S.,Washington,DC
EXIMCOOP.GOV,Federal Agency,Export/Import Bank of the U.S.,Washington,DC
FCA.GOV,Federal Agency,Farm Credit Administration,McLean,VA
FCSIC.GOV,Federal Agency,Farm Credit Administration,McLean,VA
BROADBAND.GOV,Federal Agency,Federal Communications Commission,Washington,DC
BROADBANDMAP.GOV,Federal Agency,Federal Communications Commission,Washington,DC
DTV.GOV,Federal Agency,Federal Communications Commission,Washington,DC
FCC.GOV,Federal Agency,Federal Communications Commission,Washington,DC
FCCUNIVERSITY.GOV,Federal Agency,Federal Communications Commission,Washington,DC
LIFELINE.GOV,Federal Agency,Federal Communications Commission,Washington,DC
NBM.GOV,Federal Agency,Federal Communications Commission,Washington,DC
OPENINTERNET.GOV,Federal Agency,Federal Communications Commission,Washington,DC
ECONOMICINCLUSION.GOV,Federal Agency,Federal Deposit Insurance Corporation,Arlington,VA
FDIC.GOV,Federal Agency,Federal Deposit Insurance Corporation,Arlington,VA
FDICBETS.GOV,Federal Agency,Federal Deposit Insurance Corporation,Arlington,VA
FDICCONNECT.GOV,Federal Agency,Federal Deposit Insurance Corporation,Arlington,VA
FDICIG.GOV,Federal Agency,Federal Deposit Insurance Corporation,Arlington,VA
FDICOIG.GOV,Federal Agency,Federal Deposit Insurance Corporation,Washington,DC
FDICSALES.GOV,Federal Agency,Federal Deposit Insurance Corporation,Arlington,VA
FDICSEGURO.GOV,Federal Agency,Federal Deposit Insurance Corporation,Arlington,VA
MYFDIC.GOV,Federal Agency,Federal Deposit Insurance Corporation,Arlington,VA
MYFDICINSURANCE.GOV,Federal Agency,Federal Deposit Insurance Corporation,Arlington,VA
FEC.GOV,Federal Agency,Federal Elections Commission,Washington,DC
FERC.GOV,Federal Agency,Federal Energy Regulatory Commission,Washington,DC
FERCALT.GOV,Federal Agency,Federal Energy Regulatory Commission,Washington,DC
FHFA.GOV,Federal Agency,Federal Housing Finance Agency,Washington,DC
FHFB.GOV,Federal Agency,Federal Housing Finance Agency,Washington,DC
HARP.GOV,Federal Agency,Federal Housing Finance Agency,Washington,DC
OFHEO.GOV,Federal Agency,Federal Housing Finance Agency,Washington,DC
FHFAOIG.GOV,Federal Agency,Federal Housing Finance Agency Office of Inspector General,Washington,DC
FLRA.GOV,Federal Agency,Federal Labor Relations Authority,Washington,DC
FMC.GOV,Federal Agency,Federal Maritime Commission,Washington,DC
FMCS.GOV,Federal Agency,Federal Mediation and Conciliation Service,Washington,DC
FBIIC.GOV,Federal Agency,Federal Reserve System,Washington,DC
FEDCENTENNIAL.GOV,Federal Agency,Federal Reserve System,Washington,DC
FEDERALRESERVE.GOV,Federal Agency,Federal Reserve System,Washington,DC
FEDERALRESERVE100.GOV,Federal Agency,Federal Reserve System,Washington ,DC
FEDERALRESERVE2013.GOV,Federal Agency,Federal Reserve System,Washington,DC
FEDERALRESERVECENTENNIAL.GOV,Federal Agency,Federal Reserve System,Washington ,DC
FEDERALRESERVECENTENNIALCELEBRATION.GOV,Federal Agency,Federal Reserve System,Washington,DC
FEDERALRESERVECONSUMERHELP.GOV,Federal Agency,Federal Reserve System,Washington,DC
FEDPARTNERSHIP.GOV,Federal Agency,Federal Reserve System,Washington,DC
FFIEC.GOV,Federal Agency,Federal Reserve System,Washington,DC
FRB.FED.US,Federal Agency,Federal Reserve System,Washington,DC
FRB.GOV,Federal Agency,Federal Reserve System,Washington,DC
FRS.GOV,Federal Agency,Federal Reserve System,Washington,DC
NEWMONEY.GOV,Federal Agency,Federal Reserve System,Washington,DC
USCURRENCY.GOV,Federal Agency,Federal Reserve System,Washington,DC
EXPLORETSP.GOV,Federal Agency,Federal Retirement Thrift Investment Board,Washington,DC
FRTIB.GOV,Federal Agency,Federal Retirement Thrift Investment Board,Washington,DC
FRTIBTEST.GOV,Federal Agency,Federal Retirement Thrift Investment Board,Washigton,DC
TSP.GOV,Federal Agency,Federal Retirement Thrift Investment Board,Washington,DC
TSPTEST.GOV,Federal Agency,Federal Retirement Thrift Investment Board,Washington,DC
ADMONGO.GOV,Federal Agency,Federal Trade Commission,Washington,DC
ALERTAENLINEA.GOV,Federal Agency,Federal Trade Commission,Washington,DC
ANNUALCREDITREPORT.GOV,Federal Agency,Federal Trade Commission,Washington,DC
CONSUMER.GOV,Federal Agency,Federal Trade Commission,Washington,DC
CONSUMERSENTINEL.GOV,Federal Agency,Federal Trade Commission,Washington,DC
CONSUMERSENTINELNETWORK.GOV,Federal Agency,Federal Trade Commission,Washington,DC
CONSUMIDOR.GOV,Federal Agency,Federal Trade Commission,Washington,DC
DONOTCALL.GOV,Federal Agency,Federal Trade Commission,Washington,DC
DONTSERVETEENS.GOV,Federal Agency,Federal Trade Commission,Washington,DC
ECONSUMER.GOV,Federal Agency,Federal Trade Commission,Washington,DC
FREECREDITREPORT.GOV,Federal Agency,Federal Trade Commission,Washington,DC
FTC.GOV,Federal Agency,Federal Trade Commission,Washington,DC
FTCCOMPLAINTASSISTANT.GOV,Federal Agency,Federal Trade Commission,Washington,DC
FTCEFILE.GOV,Federal Agency,Federal Trade Commission,Washington,DC
HSR.GOV,Federal Agency,Federal Trade Commission,Washington,DC
IDENTITYTHEFT.GOV,Federal Agency,Federal Trade Commission,Washington,DC
IDTHEFT.GOV,Federal Agency,Federal Trade Commission,Washington,DC
NCPW.GOV,Federal Agency,Federal Trade Commission,Washington,DC
ONGUARDONLINE.GOV,Federal Agency,Federal Trade Commission,Washington,DC
ONLINEONGUARD.GOV,Federal Agency,Federal Trade Commission,Washington,DC
PROTECCIONDELCONSUMIDOR.GOV,Federal Agency,Federal Trade Commission,Washington,DC
ROBODEIDENTIDAD.GOV,Federal Agency,Federal Trade Commission,Washington,DC
SENTINEL.GOV,Federal Agency,Federal Trade Commission,Washington,DC
UCE.GOV,Federal Agency,Federal Trade Commission,Washington,DC
USICN.GOV,Federal Agency,Federal Trade Commission,Washington,DC
18F.GOV,Federal Agency,General Services Administration,Washington,DC
ACQUISITION.GOV,Federal Agency,General Services Administration,Arlington,VA
ADVANTAGE.GOV,Federal Agency,General Services Administration,Washington,DC
AFADVANTAGE.GOV,Federal Agency,General Services Administration,Washington,DC
AMERICANJOBCENTER.GOV,Federal Agency,General Services Administration,Washington,DC
BUSINESSUSA.GOV,Federal Agency,General Services Administration,Washington,DC
BUYACCESSIBLE.GOV,Federal Agency,General Services Administration,Washington,DC
CAO.GOV,Federal Agency,General Services Administration,Washington,DC
CBCA.GOV,Federal Agency,General Services Administration,Washington,DC
CCR.GOV,Federal Agency,General Services Administration,Battle Creek,MI
CFDA.GOV,Federal Agency,General Services Administration,Washington,DC
CFO.GOV,Federal Agency,General Services Administration,Washington,DC
CFOC.GOV,Federal Agency,General Services Administration,Washington,DC
CHALLENGE.GOV,Federal Agency,General Services Administration,Washington,DC
CHALLENGES.GOV,Federal Agency,General Services Administration,Washington,DC
CIO.GOV,Federal Agency,General Services Administration,Washington,DC
CLOUD.GOV,Federal Agency,General Services Administration,Washington,DC
COMPUTERS4LEARNING.GOV,Federal Agency,General Services Administration,Arlington,VA
COMPUTERSFORLEARNING.GOV,Federal Agency,General Services Administration,Arlington,VA
CONNECT.GOV,Federal Agency,General Services Administration,Washington,DC
CONSUMERACTION.GOV,Federal Agency,General Services Administration,Washington,DC
CONTRACTDIRECTORY.GOV,Federal Agency,General Services Administration,Arlington,VA
CPARS.GOV,Federal Agency,General Services Administration,Washington,DC
DATA.GOV,Federal Agency,General Services Administration,Washington,DC
DIGITALGOV.GOV,Federal Agency,General Services Administration,Washington,DC
DOTGOV.GOV,Federal Agency,General Services Administration,Fairfax,VA
EAC.GOV,Federal Agency,General Services Administration,Washington,DC
ECPIC.GOV,Federal Agency,General Services Administration,Washington,DC
EISENHOWERMEMORIAL.GOV,Federal Agency,General Services Administration,Washington,DC
EPLS.GOV,Federal Agency,General Services Administration,Arlington,VA
ESRS.GOV,Federal Agency,General Services Administration,arlington,VA
EVERYKIDINAPARK.GOV,Federal Agency,General Services Administration,Washington DC,DC
FACA.GOV,Federal Agency,General Services Administration,Washington,DC
FACADATABASE.GOV,Federal Agency,General Services Administration,Washington,DC
FAI.GOV,Federal Agency,General Services Administration,Washington,DC
FAPIIS.GOV,Federal Agency,General Services Administration,Washington,DC
FAQ.GOV,Federal Agency,General Services Administration,Washington,DC
FBO.GOV,Federal Agency,General Services Administration,Arlington,VA
FED.US,Federal Agency,General Services Administration,Washington,DC
FEDBIZOPPS.GOV,Federal Agency,General Services Administration,Arlington,VA
FEDIDCARD.GOV,Federal Agency,General Services Administration,Washington,DC
FEDINFO.GOV,Federal Agency,General Services Administration,Washington,DC
FEDRAMP.GOV,Federal Agency,General Services Administration,Washington,DC
FEDROOMS.GOV,Federal Agency,General Services Administration,Arlington,VA
FIDO.GOV,Federal Agency,General Services Administration,Washington,DC
FIRSTGOV.GOV,Federal Agency,General Services Administration,Washington,DC
FMI.GOV,Federal Agency,General Services Administration,Washington,DC
FORMS.GOV,Federal Agency,General Services Administration,Washington,DC
FPDS.GOV,Federal Agency,General Services Administration,Arlington,VA
FPKI-LAB.GOV,Federal Agency,General Services Administration,Washington,DC
FPKI.GOV,Federal Agency,General Services Administration,Washington,DC
FRPP-PA.GOV,Federal Agency,General Services Administration,WASHINGTON,DC
FSD.GOV,Federal Agency,General Services Administration,Arlington,VA
FSRS.GOV,Federal Agency,General Services Administration,Crystal City,VA
GOBIERNO.GOV,Federal Agency,General Services Administration,Washington,DC
GOBIERNOUSA.GOV,Federal Agency,General Services Administration,Washington,DC
GOVSALES.GOV,Federal Agency,General Services Administration,Arlington,VA
GSA.GOV,Federal Agency,General Services Administration,Washington,DC
GSAADVANTAGE.GOV,Federal Agency,General Services Administration,Washington,DC
GSAAUCTIONS.GOV,Federal Agency,General Services Administration,Washington,DC
GSADVANTAGE.GOV,Federal Agency,General Services Administration,Washington,DC
GSAIG.GOV,Federal Agency,General Services Administration,Washington,DC
GSAXCESS.GOV,Federal Agency,General Services Administration,Arlington,VA
HOWTO.GOV,Federal Agency,General Services Administration,Washington,DC
IDMANAGEMENT.GOV,Federal Agency,General Services Administration,Washington,DC
INFO.GOV,Federal Agency,General Services Administration,Washington,DC
JOBCENTER.GOV,Federal Agency,General Services Administration,Washington,DC
KIDS.GOV,Federal Agency,General Services Administration,Washington,DC
LEARNPERFORMANCE.GOV,Federal Agency,General Services Administration,Washington,DC
MYUSA.GOV,Federal Agency,General Services Administration,Washington,DC
NBRC.GOV,Federal Agency,General Services Administration,Bangor,ME
NETWORX.GOV,Federal Agency,General Services Administration,Fairfax,VA
NIC.GOV,Federal Agency,General Services Administration,Fairfax,VA
PARTNER4SOLUTIONS.GOV,Federal Agency,General Services Administration,Washington,DC
PCLOB.GOV,Federal Agency,General Services Administration,Washington,DC
PERFORMANCE.GOV,Federal Agency,General Services Administration,Washington,DC
PIC.GOV,Federal Agency,General Services Administration,Washington,DC
PIF.GOV,Federal Agency,General Services Administration,Washington,DC
PPIRS.GOV,Federal Agency,General Services Administration,Washington,DC
PRESIDENTIALINNOVATIONFELLOWS.GOV,Federal Agency,General Services Administration,Washington,DC
PTT.GOV,Federal Agency,General Services Administration,Washington D.C.,DC
REALESTATESALES.GOV,Federal Agency,General Services Administration,Washington,DC
REALPROPERTYPROFILE.GOV,Federal Agency,General Services Administration,Washington,DC
REGINFO.GOV,Federal Agency,General Services Administration,Washington,DC
ROCIS.GOV,Federal Agency,General Services Administration,Washington,DC
SAM.GOV,Federal Agency,General Services Administration,Arlington,VA
SANDBOX.GOV,Federal Agency,General Services Administration,Washinton,DC
SBST.GOV,Federal Agency,General Services Administration,Washington,DC
SECTION508.GOV,Federal Agency,General Services Administration,Washington,DC
SFTOOL.GOV,Federal Agency,General Services Administration,Chicago,IL
STRATEGICSOURCING.GOV,Federal Agency,General Services Administration,Arlington,VA
SUPPORTTHEVOTER.GOV,Federal Agency,General Services Administration,WASHINGTON,DC
UNITEDSTATES.GOV,Federal Agency,General Services Administration,Washington,DC
US.GOV,Federal Agency,General Services Administration,Washington,DC
USA.GOV,Federal Agency,General Services Administration,Washington,DC
USAGOV.GOV,Federal Agency,General Services Administration,Washington,DC
USAPERFORMANCE.GOV,Federal Agency,General Services Administration,Washington,DC
USCIRF.GOV,Federal Agency,General Services Administration,Washington,DC
USGOVERNMENT.GOV,Federal Agency,General Services Administration,Washington,DC
USIP.GOV,Federal Agency,General Services Administration,Washington,DC
VEF.GOV,Federal Agency,General Services Administration,Arlington,VA
VITM.GOV,Federal Agency,General Services Administration,Arlington,VA
BROWSETOPICS.GOV,Federal Agency,Government Printing Office,Washington,DC
CONGRESSIONALDIRECTORY.GOV,Federal Agency,Government Printing Office,Washington,DC
CONGRESSIONALRECORD.GOV,Federal Agency,Government Printing Office,Washington,DC
ECFR.GOV,Federal Agency,Government Printing Office,Washington,DC
FDLP.GOV,Federal Agency,Government Printing Office,Washington,DC
FDSYS.GOV,Federal Agency,Government Printing Office,Washington,DC
FEDERALREGISTER.GOV,Federal Agency,Government Printing Office,Washington,DC
FEDREG.GOV,Federal Agency,Government Printing Office,Washington,DC
FMSHRC.GOV,Federal Agency,Government Printing Office,Washington,DC
GOVINFO.GOV,Federal Agency,Government Printing Office,Washington,DC
GPO.GOV,Federal Agency,Government Printing Office,Washington,DC
GPOACCESS.GOV,Federal Agency,Government Printing Office,Washington,DC
HOUSECALENDAR.GOV,Federal Agency,Government Printing Office,Washington,DC
OFR.GOV,Federal Agency,Government Printing Office,Washington,DC
OPENWORLD.GOV,Federal Agency,Government Printing Office,Washington,DC
PRESIDENTIALDOCUMENTS.GOV,Federal Agency,Government Printing Office,Washington,DC
SENATECALENDAR.GOV,Federal Agency,Government Printing Office,Washington,DC
STOPFAKES.GOV,Federal Agency,Government Printing Office,Washington,DC
USCAPITOLPOLICE.GOV,Federal Agency,Government Printing Office,Washington,DC
USCC.GOV,Federal Agency,Government Printing Office,Washington,DC
USCCR.GOV,Federal Agency,Government Printing Office,Washington,DC
USCODE.GOV,Federal Agency,Government Printing Office,Washington,DC
USGOVERNMENTMANUAL.GOV,Federal Agency,Government Printing Office,College Park,MD
WELCOMETOUSA.GOV,Federal Agency,Government Printing Office,Washington,DC
RESTORETHEGULF.GOV,Federal Agency,Gulf Coast Ecosystem Restoration Council (GCERC),Silver Spring,MD
TRUMAN.GOV,Federal Agency,Harry S. Truman Scholarship Foundation,Washington,DC
IMLS.GOV,Federal Agency,Institute of Museum and Library Services,Washington,DC
IAF.GOV,Federal Agency,Inter-American Foundation,Washington,DC
BBG.GOV,Federal Agency,International Broadcasting Bureau,Washington,DC
IBB.GOV,Federal Agency,International Broadcasting Bureau,Washington,DC
VOA.GOV,Federal Agency,International Broadcasting Bureau,Washington,DC
JAMESMADISON.GOV,Federal Agency,James Madison Memorial Fellowship Foundation,Alexandria,VA
LSC.GOV,Federal Agency,Legal Services Corporation,Washington,DC
AFRICANAMERICANHISTORYMONTH.GOV,Federal Agency,Library of Congress,Washington,DC
AMERICANMEMORY.GOV,Federal Agency,Library of Congress,Washington,DC
AMERICASLIBRARY.GOV,Federal Agency,Library of Congress,Washington,DC
AMERICASSTORY.GOV,Federal Agency,Library of Congress,Washington,DC
AMERICASTORY.GOV,Federal Agency,Library of Congress,Washington,DC
ASIANPACIFICHERITAGE.GOV,Federal Agency,Library of Congress,Washington,DC
CAPITOLHILL.GOV,Federal Agency,Library of Congress,Washington,DC
COMMISSION.GOV,Federal Agency,Library of Congress,Washington,DC
CONGRESS.GOV,Federal Agency,Library of Congress,Washington,DC
COPYRIGHT.GOV,Federal Agency,Library of Congress,Washington,DC
CRS.GOV,Federal Agency,Library of Congress,Washington,DC
DIGITALPRESERVATION.GOV,Federal Agency,Library of Congress,Washington,DC
DIGITALSTEWARDSHIP.GOV,Federal Agency,Library of Congress,Washington,DC
DIGITIZATIONGUIDELINES.GOV,Federal Agency,Library of Congress,Washington,DC
HILL.GOV,Federal Agency,Library of Congress,Washington,DC
HISPANICHERITAGEMONTH.GOV,Federal Agency,Library of Congress,Washington,DC
JEWISHHERITAGE.GOV,Federal Agency,Library of Congress,Washington,DC
JEWISHHERITAGEMONTH.GOV,Federal Agency,Library of Congress,Washington,DC
LAW.GOV,Federal Agency,Library of Congress,Washington,DC
LCTL.GOV,Federal Agency,Library of Congress,Washington,DC
LEGISLATIVE.GOV,Federal Agency,Library of Congress,Washington,DC
LEGISLATIVEBRANCH.GOV,Federal Agency,Library of Congress,Washington,DC
LIBRARY-OF-CONGRESS.GOV,Federal Agency,Library of Congress,Washington,DC
LIBRARYOFCONGRESS.GOV,Federal Agency,Library of Congress,Washington,DC
LIS.GOV,Federal Agency,Library of Congress,Washington,DC
LITERACY.GOV,Federal Agency,Library of Congress,Washington,DC
LOC.GOV,Federal Agency,Library of Congress,Washington,DC
LOCIMAGES.GOV,Federal Agency,Library of Congress,Washington,DC
LOCSTORE.GOV,Federal Agency,Library of Congress,Washington,DC
LOCTPS.GOV,Federal Agency,Library of Congress,Washington,DC
MYLOC.GOV,Federal Agency,Library of Congress,Washington,DC
NATIVEAMERICANHERITAGEMONTH.GOV,Federal Agency,Library of Congress,Washington,DC
NDSA.GOV,Federal Agency,Library of Congress,Washington,DC
PRIMARYSOURCES.GOV,Federal Agency,Library of Congress,Washington,DC
READ.GOV,Federal Agency,Library of Congress,Washington,DC
SECTION108.GOV,Federal Agency,Library of Congress,Washington,DC
TEACHINGPRIMARYSOURCES.GOV,Federal Agency,Library of Congress,Washington,DC
TEACHINGWITHPRIMARYSOURCES.GOV,Federal Agency,Library of Congress,Washington,DC
THOMAS.GOV,Federal Agency,Library of Congress,Washington,DC
TPS.GOV,Federal Agency,Library of Congress,Washington,DC
UNITEDSTATESCONGRESS.GOV,Federal Agency,Library of Congress,Washington,DC
USCONGRESS.GOV,Federal Agency,Library of Congress,Washington,DC
WDL.GOV,Federal Agency,Library of Congress,Washington,DC
WOMENSHISTORYMONTH.GOV,Federal Agency,Library of Congress,Washington,DC
WORLDDIGITALLIBRARY.GOV,Federal Agency,Library of Congress,Washington,DC
MMC.GOV,Federal Agency,Marine Mammal Commission,Bethesda,MD
MACPAC.GOV,Federal Agency,Medicaid and CHIP Payment and Access Commission,Washington,DC
MEDPAC.GOV,Federal Agency,Medical Payment Advisory Commission,Washington,DC
MSPB.GOV,Federal Agency,Merit Systems Protection Board,Washington,DC
MCC.GOV,Federal Agency,Millennium Challenge Corporation,Washington,DC
ECR.GOV,Federal Agency,Morris K. Udall Foundation,Tucson,AZ
UDALL.GOV,Federal Agency,Morris K. Udall Foundation,Tucson,AZ
GLOBE.GOV,Federal Agency,National Aeronautics and Space Administration,Greenbelt,MD
NASA.GOV,Federal Agency,National Aeronautics and Space Administration,MSFC,AL
NSWP.GOV,Federal Agency,National Aeronautics and Space Administration,MSFC,AL
SCIJINKS.GOV,Federal Agency,National Aeronautics and Space Administration,MSFC,AL
USGEO.GOV,Federal Agency,National Aeronautics and Space Administration,MSFC,AL
9-11COMMISSION.GOV,Federal Agency,National Archives and Records Administration,College Park,MD
911COMMISSION.GOV,Federal Agency,National Archives and Records Administration,College Park,MD
ARCHIVES.GOV,Federal Agency,National Archives and Records Administration,College Park,MD
CLINTONLIBRARY.GOV,Federal Agency,National Archives and Records Administration,Little Rock,AR
EMERGENCY-FEDERAL-REGISTER.GOV,Federal Agency,National Archives and Records Administration,College Park,MD
FCIC.GOV,Federal Agency,National Archives and Records Administration,College Park,MD
FORDLIBRARYMUSEUM.GOV,Federal Agency,National Archives and Records Administration,College Park,MD
FRC.GOV,Federal Agency,National Archives and Records Administration,College Park,MD
GEORGEWBUSHLIBRARY.GOV,Federal Agency,National Archives and Records Administration,College Park,MD
HISTORY.GOV,Federal Agency,National Archives and Records Administration,College Park,MD
JIMMYCARTERLIBRARY.GOV,Federal Agency,National Archives and Records Administration,College,MD
NARA-AT-WORK.GOV,Federal Agency,National Archives and Records Administration,College Park,MD
NARA.GOV,Federal Agency,National Archives and Records Administration,College Park,MD
NIXONLIBRARY.GOV,Federal Agency,National Archives and Records Administration,College Park,MD
OGIS.GOV,Federal Agency,National Archives and Records Administration,College Park,MD
OURDOCUMENTS.GOV,Federal Agency,National Archives and Records Administration,College Park,MD
REAGANLIBRARY.GOV,Federal Agency,National Archives and Records Administration,College Park,MD
RECORDSMANAGEMENT.GOV,Federal Agency,National Archives and Records Administration,College Park,MD
WARTIMECONTRACTING.GOV,Federal Agency,National Archives and Records Administration,College Park,MD
WEBHARVEST.GOV,Federal Agency,National Archives and Records Administration,College Park,MD
NCPC.GOV,Federal Agency,National Capital Planning Commission,Washington,DC
NCD.GOV,Federal Agency,National Council on Disability,Washington,DC
MYCREDITUNION.GOV,Federal Agency,National Credit Union Administration,Alexandria,VA
NCUA.GOV,Federal Agency,National Credit Union Administration,Alexandria,VA
ARTS.GOV,Federal Agency,National Endowment for the Arts,Washington,DC
NEA.GOV,Federal Agency,National Endowment for the Arts,Washington,DC
HUMANITIES.GOV,Federal Agency,National Endowment for the Humanities,Washington,DC
NEH.GOV,Federal Agency,National Endowment for the Humanities,Washington,DC
PCAH.GOV,Federal Agency,National Endowment for the Humanities,Washington,DC
WETHEPEOPLE.GOV,Federal Agency,National Endowment for the Humanities,Washington,DC
NGA.GOV,Federal Agency,National Gallery of Art,Washington,DC
NIGC.GOV,Federal Agency,National Indian Gaming Commission,Washington,DC
NLRB.GOV,Federal Agency,National Labor Relations Board,Washington,DC
NMB.GOV,Federal Agency,National Mediation Board,Washington,DC
NANO.GOV,Federal Agency,National Nanotechnology Coordination Office,Arlington,VA
ARCTIC.GOV,Federal Agency,National Science Foundation,Arlington,VA
ARCTICGAS.GOV,Federal Agency,National Science Foundation,Washington,DC
NSF.GOV,Federal Agency,National Science Foundation,Arlington,VA
RESEARCH.GOV,Federal Agency,National Science Foundation,Arlington,VA
SAC.GOV,Federal Agency,National Science Foundation,Arlington,VA
SBIR.GOV,Federal Agency,National Science Foundation,Arlington,VA
SCIENCE360.GOV,Federal Agency,National Science Foundation,Arlington,VA
USAP.GOV,Federal Agency,National Science Foundation,Arlington,VA
INTELLIGENCECAREERS.GOV,Federal Agency,National Security Agency,Ft. Meade,MD
LPS.GOV,Federal Agency,National Security Agency,College Park,MD
NTSB.GOV,Federal Agency,National Transportation Safety Board,Washington,DC
ITRD.GOV,Federal Agency,Networking Information Technology Research and Development (NITRD),Arlington,VA
NITRD.GOV,Federal Agency,Networking Information Technology Research and Development (NITRD),Arlington,VA
HERITAGEABROAD.GOV,Federal Agency,Non-Federal Agency,Washington,DC
IAB.GOV,Federal Agency,Non-Federal Agency,Quantico,VA
JUSFC.GOV,Federal Agency,Non-Federal Agency,Washington,DC
NWTRB.GOV,Federal Agency,Non-Federal Agency,Arlington,VA
PPPL.GOV,Federal Agency,Non-Federal Agency,Princeton,NJ
SERVEINDIANA.GOV,Federal Agency,Non-Federal Agency,Indianapolis,IN
SJI.GOV,Federal Agency,Non-Federal Agency,Reston,VA
WMATC.GOV,Federal Agency,Non-Federal Agency,Silver Spring,MD
NRC-GATEWAY.GOV,Federal Agency,Nuclear Regulatory Commission,Rockville,MD
NRC.GOV,Federal Agency,Nuclear Regulatory Commission,Rockville,MD
OSHRC.GOV,Federal Agency,Occupational Safety & Health Review Commission,Washington,DC
INTEGRITY.GOV,Federal Agency,Office of Government Ethics,Washington,DC
APPLICATIONMANAGER.GOV,Federal Agency,Office of Personnel Management,Macon,GA
CHCOC.GOV,Federal Agency,Office of Personnel Management,Washington,DC
E-QIP.GOV,Federal Agency,Office of Personnel Management,Washington,DC
EMPLOYEEEXPRESS.GOV,Federal Agency,Office of Personnel Management,Macon,GA
FEB.GOV,Federal Agency,Office of Personnel Management,Washington,DC
FEDERALJOBS.GOV,Federal Agency,Office of Personnel Management,Macon,GA
FEDJOBS.GOV,Federal Agency,Office of Personnel Management,Macon,GA
FEDSHIREVETS.GOV,Federal Agency,Office of Personnel Management,Washington,DC
FEGLI.GOV,Federal Agency,Office of Personnel Management,Washington,DC
FSAFEDS.GOV,Federal Agency,Office of Personnel Management,Washington,DC
GOLEARN.GOV,Federal Agency,Office of Personnel Management,Washington,DC
GOVERNMENTJOBS.GOV,Federal Agency,Office of Personnel Management,Macon,GA
HRU.GOV,Federal Agency,Office of Personnel Management,Washington,DC
LMRCOUNCIL.GOV,Federal Agency,Office of Personnel Management,Washington,DC
OPM.GOV,Federal Agency,Office of Personnel Management,Macon,GA
PAC.GOV,Federal Agency,Office of Personnel Management,Washington,DC
PMF.GOV,Federal Agency,Office of Personnel Management,Washington,DC
TELEWORK.GOV,Federal Agency,Office of Personnel Management,Washington,DC
UNLOCKTALENT.GOV,Federal Agency,Office of Personnel Management,Washington,DC
USAJOBS.GOV,Federal Agency,Office of Personnel Management,Washington,DC
USALEARNING.GOV,Federal Agency,Office of Personnel Management,Washington,DC
USASTAFFING.GOV,Federal Agency,Office of Personnel Management,Macon,GA
OPIC.GOV,Federal Agency,Overseas Private Investment Corporation,Washington,DC
PBGC.GOV,Federal Agency,Pension Benefit Guaranty Corporation,Washington,DC
PRC.GOV,Federal Agency,Postal Rate Commission,Washington,DC
RRB.GOV,Federal Agency,Railroad Retirement Board,Chicago,IL
EDUCATIONJOBSFUND.GOV,Federal Agency,Recovery Accountability and Transparency Board,Washington,DC
FEDERALACCOUNTABILITY.GOV,Federal Agency,Recovery Accountability and Transparency Board,Washington,DC
FEDERALREPORTING.GOV,Federal Agency,Recovery Accountability and Transparency Board,Washington,DC
FEDERALTRANSPARENCY.GOV,Federal Agency,Recovery Accountability and Transparency Board,Washington ,DC
RATB.GOV,Federal Agency,Recovery Accountability and Transparency Board,WASHINGTON,DC
RECOVERY.GOV,Federal Agency,Recovery Accountability and Transparency Board,Washington,DC
404.GOV,Federal Agency,Securities and Exchange Commission,Alexandria,VA
INVESTOR.GOV,Federal Agency,Securities and Exchange Commission,Alexandria,VA
SEC.GOV,Federal Agency,Securities and Exchange Commission,Alexandria,VA
SSS.GOV,Federal Agency,Selective Service System,Arlington,VA
BUSINESS.GOV,Federal Agency,Small Business Administration,Washington,DC
HSA.GOV,Federal Agency,Small Business Administration,Washington,DC
NWBC.GOV,Federal Agency,Small Business Administration,Washington,DC
ONLINEWBC.GOV,Federal Agency,Small Business Administration,Washington,DC
SBA.GOV,Federal Agency,Small Business Administration,Washington,DC
WOMENBIZ.GOV,Federal Agency,Small Business Administration,Washington,DC
ITIS.GOV,Federal Agency,Smithsonian Institution,Washington,DC
SEGUROSOCIAL.GOV,Federal Agency,Social Security Administration,Baltimore,MD
SOCIALSECURITY.GOV,Federal Agency,Social Security Administration,Baltimore,MD
SSA.GOV,Federal Agency,Social Security Administration,Baltimore,MD
SSAB.GOV,Federal Agency,Social Security Advisory Board,WASHINGTON,DC
STENNIS.GOV,Federal Agency,Stennis Center for Public Service,Starkville,MS
TVA.GOV,Federal Agency,Tennessee Valley Authority,Knoxville,TN
TVAOIG.GOV,Federal Agency,Tennessee Valley Authority,Knoxville,TN
TSC.GOV,Federal Agency,Terrorist Screening Center,Washington,DC
PTF.GOV,Federal Agency,The Intelligence Community,Washington,DC
BANKRUPTCY.GOV,Federal Agency,The Judicial Branch (Courts),Washington,DC
CAVC.GOV,Federal Agency,The Judicial Branch (Courts),Washington,DC
DCSC.GOV,Federal Agency,The Judicial Branch (Courts),Washington,DC
FEDCIR.GOV,Federal Agency,The Judicial Branch (Courts),Washington,DC
FEDERALCOURTS.GOV,Federal Agency,The Judicial Branch (Courts),Washington,DC
FEDERALPROBATION.GOV,Federal Agency,The Judicial Branch (Courts),Washington,DC
FEDERALRULES.GOV,Federal Agency,The Judicial Branch (Courts),Washington,DC
FJC.GOV,Federal Agency,The Judicial Branch (Courts),Washington,DC
JUDICIALCONFERENCE.GOV,Federal Agency,The Judicial Branch (Courts),Washington,DC
NMCOURT.FED.US,Federal Agency,The Judicial Branch (Courts),Albuquerque,NM
PACER.GOV,Federal Agency,The Judicial Branch (Courts),Washington,DC
SC-US.GOV,Federal Agency,The Judicial Branch (Courts),Washington,DC
SCINET-TEST.GOV,Federal Agency,The Judicial Branch (Courts),Washington,DC
SCINET.GOV,Federal Agency,The Judicial Branch (Courts),Washington,DC
SCUS.GOV,Federal Agency,The Judicial Branch (Courts),WASHINGTON,DC
SUPREME-COURT.GOV,Federal Agency,The Judicial Branch (Courts),Washington,DC
SUPREMECOURT.GOV,Federal Agency,The Judicial Branch (Courts),Washington,DC
SUPREMECOURTUS.GOV,Federal Agency,The Judicial Branch (Courts),Washington,DC
USBANKRUPTCY.GOV,Federal Agency,The Judicial Branch (Courts),Washington,DC
USC.GOV,Federal Agency,The Judicial Branch (Courts),Washington,DC
USCAVC.GOV,Federal Agency,The Judicial Branch (Courts),Washington,DC
USCOURTS.GOV,Federal Agency,The Judicial Branch (Courts),Washington,DC
USCVA.GOV,Federal Agency,The Judicial Branch (Courts),Washington,DC
USPROBATION.GOV,Federal Agency,The Judicial Branch (Courts),Washington,DC
USSC.GOV,Federal Agency,The Judicial Branch (Courts),Washington,DC
USTAXCOURT.GOV,Federal Agency,The Judicial Branch (Courts),Washington,DC
VETAPP.GOV,Federal Agency,The Judicial Branch (Courts),Washington,DC
AOC.GOV,Federal Agency,The Legislative Branch (Congress),Washington,DC
CAPITAL.GOV,Federal Agency,The Legislative Branch (Congress),Washington,DC
CAPITOL.GOV,Federal Agency,The Legislative Branch (Congress),Washington,DC
CAPITOLFLAGS.GOV,Federal Agency,The Legislative Branch (Congress),Washington,DC
CBO.GOV,Federal Agency,The Legislative Branch (Congress),Washington,DC
CBONEWS.GOV,Federal Agency,The Legislative Branch (Congress),Washington,DC
CECC.GOV,Federal Agency,The Legislative Branch (Congress),Washington,DC
CHINA-COMMISSION.GOV,Federal Agency,The Legislative Branch (Congress),Washington,DC
CHINACOMMISSION.GOV,Federal Agency,The Legislative Branch (Congress),Washington,MD
CITIZENCOSPONSORS.GOV,Federal Agency,The Legislative Branch (Congress),Washington,DC
CITIZENS.GOV,Federal Agency,The Legislative Branch (Congress),Washington,DC
COSPONSOR.GOV,Federal Agency,The Legislative Branch (Congress),Washington,DC
CSCE.GOV,Federal Agency,The Legislative Branch (Congress),Washington,DC
DEMOCRATICLEADER.GOV,Federal Agency,The Legislative Branch (Congress),Washington,DC
DEMOCRATICWHIP.GOV,Federal Agency,The Legislative Branch (Congress),Washington,DC
DEMOCRATS.GOV,Federal Agency,The Legislative Branch (Congress),Washington,DC
DEMS.GOV,Federal Agency,The Legislative Branch (Congress),Washington DC,DC
ESECLAB.GOV,Federal Agency,The Legislative Branch (Congress),Washington,DC
FASAB.GOV,Federal Agency,The Legislative Branch (Congress),Washington,DC
GAO.GOV,Federal Agency,The Legislative Branch (Congress),Washington,DC
GAONET.GOV,Federal Agency,The Legislative Branch (Congress),Washington,DC
GOP.GOV,Federal Agency,The Legislative Branch (Congress),Washington,DC
GOPCONFERENCE.GOV,Federal Agency,The Legislative Branch (Congress),Washington,DC
GOPLEADER.GOV,Federal Agency,The Legislative Branch (Congress),Washington,DC
HOUSE.GOV,Federal Agency,The Legislative Branch (Congress),Washington,DC
HOUSECOMMUNICATIONS.GOV,Federal Agency,The Legislative Branch (Congress),Washington,DC
HOUSEDEMOCRATS.GOV,Federal Agency,The Legislative Branch (Congress),Washington,DC
HOUSEDEMS.GOV,Federal Agency,The Legislative Branch (Congress),Washington,DC
HOUSELIVE.GOV,Federal Agency,The Legislative Branch (Congress),Washington,DC
HOUSENEWSLETTERS.GOV,Federal Agency,The Legislative Branch (Congress),Washington,DC
JCT.GOV,Federal Agency,The Legislative Branch (Congress),Washington,DC
LISTENSTOYOU.GOV,Federal Agency,The Legislative Branch (Congress),Washington,DC
MAJORITYLEADER.GOV,Federal Agency,The Legislative Branch (Congress),Washington,DC
MAJORITYWHIP.GOV,Federal Agency,The Legislative Branch (Congress),Washington,DC
PDBCECC.GOV,Federal Agency,The Legislative Branch (Congress),Washington,DC
PPDCECC.GOV,Federal Agency,The Legislative Branch (Congress),Washington,DC
REPUBLICANS.GOV,Federal Agency,The Legislative Branch (Congress),Washington,DC
SENATE.GOV,Federal Agency,The Legislative Branch (Congress),Washington,DC
SENATERESTAURANTS.GOV,Federal Agency,The Legislative Branch (Congress),Washington,DC
SPEAKER.GOV,Federal Agency,The Legislative Branch (Congress),Washington,DC
TAXREFORM.GOV,Federal Agency,The Legislative Branch (Congress),Washington,DC
USBG.GOV,Federal Agency,The Legislative Branch (Congress),Washington,DC
USCAPITAL.GOV,Federal Agency,The Legislative Branch (Congress),Washington,DC
USCAPITOL.GOV,Federal Agency,The Legislative Branch (Congress),Washington,DC
USCAPITOLVISITORCENTER.GOV,Federal Agency,The Legislative Branch (Congress),Washington,DC
USCVC.GOV,Federal Agency,The Legislative Branch (Congress),Washington,DC
VISITTHECAPITAL.GOV,Federal Agency,The Legislative Branch (Congress),Washington,DC
VISITTHECAPITOL.GOV,Federal Agency,The Legislative Branch (Congress),Washington,DC
WORLDWAR1CENTENNIAL.GOV,Federal Agency,The United States World War One Centennial Commission,Washington,DC
ACCESS-BOARD.GOV,Federal Agency,U. S. Access Board,Washington,DC
USHMM.GOV,Federal Agency,U. S. Holocaust Memorial Museum,Washington,DC
USITC.GOV,Federal Agency,U. S. International Trade Commission,Washington,DC
OSC.GOV,Federal Agency,U. S. Office of Special Counsel,Washington,DC
OSCNET.GOV,Federal Agency,U. S. Office of Special Counsel,Washington,DC
PEACECORE.GOV,Federal Agency,U. S. Peace Corps,Washington,DC
PEACECORP.GOV,Federal Agency,U. S. Peace Corps,Washington,DC
PEACECORPS.GOV,Federal Agency,U. S. Peace Corps,Washington,DC
CHANGEOFADDRESS.GOV,Federal Agency,U. S. Postal Service,Washington,DC
MAIL.GOV,Federal Agency,U. S. Postal Service,Raleigh,NC
POSTOFFICE.GOV,Federal Agency,U. S. Postal Service,Raleigh,NC
PURCHASING.GOV,Federal Agency,U. S. Postal Service,Raleigh,NC
USPIS.GOV,Federal Agency,U. S. Postal Service,Arlington,VA
USPS.GOV,Federal Agency,U. S. Postal Service,Raleigh,NC
CHILDRENINADVERSITY.GOV,Federal Agency,U.S. Agency for International Development,Washington,DC
DFAFACTS.GOV,Federal Agency,U.S. Agency for International Development,Washington,DC
FEEDTHEFUTURE.GOV,Federal Agency,U.S. Agency for International Development,Washington,DC
FIGHTINGMALARIA.GOV,Federal Agency,U.S. Agency for International Development,Washington,DC
LETGIRLSLEARN.GOV,Federal Agency,U.S. Agency for International Development,Washington,DC
NEGLECTEDDISEASES.GOV,Federal Agency,U.S. Agency for International Development,Washington,DC
OFDA.GOV,Federal Agency,U.S. Agency for International Development,Washington,DC
PMI.GOV,Federal Agency,U.S. Agency for International Development,Washington,DC
USAID.GOV,Federal Agency,U.S. Agency for International Development,Washington,DC
USAIDALLNET.GOV,Federal Agency,U.S. Agency for International Development,Arlington,VA
USCP.GOV,Federal Agency,U.S. Capitol Police,Washington,DC
CHEMSAFETY.GOV,Federal Agency,U.S. Chemical Safety and Hazard Investigation Board,Washington,DC
CSB.GOV,Federal Agency,U.S. Chemical Safety and Hazard Investigation Board,Washington,DC
SAFETYVIDEOS.GOV,Federal Agency,U.S. Chemical Safety and Hazard Investigation Board,Washington,DC
CFA.GOV,Federal Agency,U.S. Commission of Fine Arts,Washington,DC
PEACECORPSOIG.GOV,Federal Agency,"U.S. Postal Service, Office of Inspector General",Washington,DC
USPSOIG.GOV,Federal Agency,"U.S. Postal Service, Office of Inspector General",Arlington,VA
USTDA.GOV,Federal Agency,U.S. Trade and Development Agency,Arlington,VA
CARBONCYCLESCIENCE.GOV,Federal Agency,United Stated Global Change Research Program,Washington,DC
GLOBALCHANGE.GOV,Federal Agency,United Stated Global Change Research Program,Washington,DC
IPCC-WG2.GOV,Federal Agency,United Stated Global Change Research Program,Stanford,CA
USGCRP.GOV,Federal Agency,United Stated Global Change Research Program,Washington,DC
OGE.GOV,Federal Agency,United States Office of Government Ethics,Washington,DC
USOGE.GOV,Federal Agency,United States Office of Government Ethics,Washington,DC
ICH.GOV,Federal Agency,US Interagency Council on Homelessness,washington,DC
USICH.GOV,Federal Agency,US Interagency Council on Homelessness,Washington,DC
